DES,AAPL,STK,SMART/ARCA,,,,,,||02/01/2016|
DES,AMZN,STK,SMART/ARCA,,,,,,||02/01/2016|
DES,CXO,STK,SMART/ARCA,,,,,,||02/01/2016|
DES,FCX,STK,SMART/ARCA,,,,,,||02/01/2016|
DES,FSLR,STK,SMART/ARCA,,,,,,||02/01/2016|
DES,NFLX,STK,SMART/ARCA,,,,,,||02/01/2016|
DES,NTAP,STK,SMART/ARCA,,,,,,||02/01/2016|
DES,QQQ,STK,SMART/ARCA,,,,,,||02/01/2016|
DES,AAPL,STK,SMART/ARCA,,,,,,||02/02/2016|
DES,AMZN,STK,SMART/ARCA,,,,,,||02/02/2016|
DES,CXO,STK,SMART/ARCA,,,,,,||02/02/2016|
DES,FCX,STK,SMART/ARCA,,,,,,||02/02/2016|
DES,FSLR,STK,SMART/ARCA,,,,,,||02/02/2016|
DES,NFLX,STK,SMART/ARCA,,,,,,||02/02/2016|
DES,NTAP,STK,SMART/ARCA,,,,,,||02/02/2016|
DES,QQQ,STK,SMART/ARCA,,,,,,||02/02/2016|
DES,AAPL,STK,SMART/ARCA,,,,,,||02/03/2016|
DES,AMZN,STK,SMART/ARCA,,,,,,||02/03/2016|
DES,CXO,STK,SMART/ARCA,,,,,,||02/03/2016|
DES,FCX,STK,SMART/ARCA,,,,,,||02/03/2016|
DES,FSLR,STK,SMART/ARCA,,,,,,||02/03/2016|
DES,NFLX,STK,SMART/ARCA,,,,,,||02/03/2016|
DES,NTAP,STK,SMART/ARCA,,,,,,||02/03/2016|
DES,QQQ,STK,SMART/ARCA,,,,,,||02/03/2016|
DES,AAPL,STK,SMART/ARCA,,,,,,||02/04/2016|
DES,AMZN,STK,SMART/ARCA,,,,,,||02/04/2016|
DES,CXO,STK,SMART/ARCA,,,,,,||02/04/2016|
DES,FCX,STK,SMART/ARCA,,,,,,||02/04/2016|
DES,FSLR,STK,SMART/ARCA,,,,,,||02/04/2016|
DES,NFLX,STK,SMART/ARCA,,,,,,||02/04/2016|
DES,NTAP,STK,SMART/ARCA,,,,,,||02/04/2016|
DES,QQQ,STK,SMART/ARCA,,,,,,||02/04/2016|
DES,AAPL,STK,SMART/ARCA,,,,,,||02/05/2016|
DES,AMZN,STK,SMART/ARCA,,,,,,||02/05/2016|
DES,CXO,STK,SMART/ARCA,,,,,,||02/05/2016|
DES,FCX,STK,SMART/ARCA,,,,,,||02/05/2016|
DES,FSLR,STK,SMART/ARCA,,,,,,||02/05/2016|
DES,NFLX,STK,SMART/ARCA,,,,,,||02/05/2016|
DES,NTAP,STK,SMART/ARCA,,,,,,||02/05/2016|
DES,QQQ,STK,SMART/ARCA,,,,,,||02/05/2016|
DES,AAPL,STK,SMART/ARCA,,,,,,||02/08/2016|
DES,AMZN,STK,SMART/ARCA,,,,,,||02/08/2016|
DES,CXO,STK,SMART/ARCA,,,,,,||02/08/2016|
DES,FCX,STK,SMART/ARCA,,,,,,||02/08/2016|
DES,FSLR,STK,SMART/ARCA,,,,,,||02/08/2016|
DES,NFLX,STK,SMART/ARCA,,,,,,||02/08/2016|
DES,NTAP,STK,SMART/ARCA,,,,,,||02/08/2016|
DES,QQQ,STK,SMART/ARCA,,,,,,||02/08/2016|
DES,AAPL,STK,SMART/ARCA,,,,,,||02/09/2016|
DES,AMZN,STK,SMART/ARCA,,,,,,||02/09/2016|
DES,CXO,STK,SMART/ARCA,,,,,,||02/09/2016|
DES,FCX,STK,SMART/ARCA,,,,,,||02/09/2016|
DES,FSLR,STK,SMART/ARCA,,,,,,||02/09/2016|
DES,NFLX,STK,SMART/ARCA,,,,,,||02/09/2016|
DES,NTAP,STK,SMART/ARCA,,,,,,||02/09/2016|
DES,QQQ,STK,SMART/ARCA,,,,,,||02/09/2016|
DES,AAPL,STK,SMART/ARCA,,,,,,||02/10/2016|
DES,AMZN,STK,SMART/ARCA,,,,,,||02/10/2016|
DES,CXO,STK,SMART/ARCA,,,,,,||02/10/2016|
DES,FCX,STK,SMART/ARCA,,,,,,||02/10/2016|
DES,FSLR,STK,SMART/ARCA,,,,,,||02/10/2016|
DES,NFLX,STK,SMART/ARCA,,,,,,||02/10/2016|
DES,NTAP,STK,SMART/ARCA,,,,,,||02/10/2016|
DES,QQQ,STK,SMART/ARCA,,,,,,||02/10/2016|
DES,AAPL,STK,SMART/ARCA,,,,,,||02/11/2016|
DES,AMZN,STK,SMART/ARCA,,,,,,||02/11/2016|
DES,CXO,STK,SMART/ARCA,,,,,,||02/11/2016|
DES,FCX,STK,SMART/ARCA,,,,,,||02/11/2016|
DES,FSLR,STK,SMART/ARCA,,,,,,||02/11/2016|
DES,NFLX,STK,SMART/ARCA,,,,,,||02/11/2016|
DES,NTAP,STK,SMART/ARCA,,,,,,||02/11/2016|
DES,QQQ,STK,SMART/ARCA,,,,,,||02/11/2016|
DES,AAPL,STK,SMART/ARCA,,,,,,||02/12/2016|
DES,AMZN,STK,SMART/ARCA,,,,,,||02/12/2016|
DES,CXO,STK,SMART/ARCA,,,,,,||02/12/2016|
DES,FCX,STK,SMART/ARCA,,,,,,||02/12/2016|
DES,FSLR,STK,SMART/ARCA,,,,,,||02/12/2016|
DES,NFLX,STK,SMART/ARCA,,,,,,||02/12/2016|
DES,NTAP,STK,SMART/ARCA,,,,,,||02/12/2016|
DES,QQQ,STK,SMART/ARCA,,,,,,||02/12/2016|
DES,AAPL,STK,SMART/ARCA,,,,,,||02/15/2016|
DES,AMZN,STK,SMART/ARCA,,,,,,||02/15/2016|
DES,CXO,STK,SMART/ARCA,,,,,,||02/15/2016|
DES,FCX,STK,SMART/ARCA,,,,,,||02/15/2016|
DES,FSLR,STK,SMART/ARCA,,,,,,||02/15/2016|
DES,NFLX,STK,SMART/ARCA,,,,,,||02/15/2016|
DES,NTAP,STK,SMART/ARCA,,,,,,||02/15/2016|
DES,QQQ,STK,SMART/ARCA,,,,,,||02/15/2016|
DES,AAPL,STK,SMART/ARCA,,,,,,||02/16/2016|
DES,AMZN,STK,SMART/ARCA,,,,,,||02/16/2016|
DES,CXO,STK,SMART/ARCA,,,,,,||02/16/2016|
DES,FCX,STK,SMART/ARCA,,,,,,||02/16/2016|
DES,FSLR,STK,SMART/ARCA,,,,,,||02/16/2016|
DES,NFLX,STK,SMART/ARCA,,,,,,||02/16/2016|
DES,NTAP,STK,SMART/ARCA,,,,,,||02/16/2016|
DES,QQQ,STK,SMART/ARCA,,,,,,||02/16/2016|
DES,AAPL,STK,SMART/ARCA,,,,,,||02/17/2016|
DES,AMZN,STK,SMART/ARCA,,,,,,||02/17/2016|
DES,CXO,STK,SMART/ARCA,,,,,,||02/17/2016|
DES,FCX,STK,SMART/ARCA,,,,,,||02/17/2016|
DES,FSLR,STK,SMART/ARCA,,,,,,||02/17/2016|
DES,NFLX,STK,SMART/ARCA,,,,,,||02/17/2016|
DES,NTAP,STK,SMART/ARCA,,,,,,||02/17/2016|
DES,QQQ,STK,SMART/ARCA,,,,,,||02/17/2016|
DES,AAPL,STK,SMART/ARCA,,,,,,||02/18/2016|
DES,AMZN,STK,SMART/ARCA,,,,,,||02/18/2016|
DES,CXO,STK,SMART/ARCA,,,,,,||02/18/2016|
DES,FCX,STK,SMART/ARCA,,,,,,||02/18/2016|
DES,FSLR,STK,SMART/ARCA,,,,,,||02/18/2016|
DES,NFLX,STK,SMART/ARCA,,,,,,||02/18/2016|
DES,NTAP,STK,SMART/ARCA,,,,,,||02/18/2016|
DES,QQQ,STK,SMART/ARCA,,,,,,||02/18/2016|
DES,AAPL,STK,SMART/ARCA,,,,,,||02/19/2016|
DES,AMZN,STK,SMART/ARCA,,,,,,||02/19/2016|
DES,CXO,STK,SMART/ARCA,,,,,,||02/19/2016|
DES,FCX,STK,SMART/ARCA,,,,,,||02/19/2016|
DES,FSLR,STK,SMART/ARCA,,,,,,||02/19/2016|
DES,NFLX,STK,SMART/ARCA,,,,,,||02/19/2016|
DES,NTAP,STK,SMART/ARCA,,,,,,||02/19/2016|
DES,QQQ,STK,SMART/ARCA,,,,,,||02/19/2016|
DES,AAPL,STK,SMART/ARCA,,,,,,||02/22/2016|
DES,AMZN,STK,SMART/ARCA,,,,,,||02/22/2016|
DES,CXO,STK,SMART/ARCA,,,,,,||02/22/2016|
DES,FCX,STK,SMART/ARCA,,,,,,||02/22/2016|
DES,FSLR,STK,SMART/ARCA,,,,,,||02/22/2016|
DES,NFLX,STK,SMART/ARCA,,,,,,||02/22/2016|
DES,NTAP,STK,SMART/ARCA,,,,,,||02/22/2016|
DES,QQQ,STK,SMART/ARCA,,,,,,||02/22/2016|
DES,AAPL,STK,SMART/ARCA,,,,,,||02/23/2016|
DES,AMZN,STK,SMART/ARCA,,,,,,||02/23/2016|
DES,CXO,STK,SMART/ARCA,,,,,,||02/23/2016|
DES,FCX,STK,SMART/ARCA,,,,,,||02/23/2016|
DES,FSLR,STK,SMART/ARCA,,,,,,||02/23/2016|
DES,NFLX,STK,SMART/ARCA,,,,,,||02/23/2016|
DES,NTAP,STK,SMART/ARCA,,,,,,||02/23/2016|
DES,QQQ,STK,SMART/ARCA,,,,,,||02/23/2016|
DES,AAPL,STK,SMART/ARCA,,,,,,||02/24/2016|
DES,AMZN,STK,SMART/ARCA,,,,,,||02/24/2016|
DES,CXO,STK,SMART/ARCA,,,,,,||02/24/2016|
DES,FCX,STK,SMART/ARCA,,,,,,||02/24/2016|
DES,FSLR,STK,SMART/ARCA,,,,,,||02/24/2016|
DES,NFLX,STK,SMART/ARCA,,,,,,||02/24/2016|
DES,NTAP,STK,SMART/ARCA,,,,,,||02/24/2016|
DES,QQQ,STK,SMART/ARCA,,,,,,||02/24/2016|
DES,AAPL,STK,SMART/ARCA,,,,,,||02/25/2016|
DES,AMZN,STK,SMART/ARCA,,,,,,||02/25/2016|
DES,CXO,STK,SMART/ARCA,,,,,,||02/25/2016|
DES,FCX,STK,SMART/ARCA,,,,,,||02/25/2016|
DES,FSLR,STK,SMART/ARCA,,,,,,||02/25/2016|
DES,NFLX,STK,SMART/ARCA,,,,,,||02/25/2016|
DES,NTAP,STK,SMART/ARCA,,,,,,||02/25/2016|
DES,QQQ,STK,SMART/ARCA,,,,,,||02/25/2016|
DES,AAPL,STK,SMART/ARCA,,,,,,||02/26/2016|
DES,AMZN,STK,SMART/ARCA,,,,,,||02/26/2016|
DES,CXO,STK,SMART/ARCA,,,,,,||02/26/2016|
DES,FCX,STK,SMART/ARCA,,,,,,||02/26/2016|
DES,FSLR,STK,SMART/ARCA,,,,,,||02/26/2016|
DES,NFLX,STK,SMART/ARCA,,,,,,||02/26/2016|
DES,NTAP,STK,SMART/ARCA,,,,,,||02/26/2016|
DES,QQQ,STK,SMART/ARCA,,,,,,||02/26/2016|
DES,AAPL,STK,SMART/ARCA,,,,,,||02/29/2016|
DES,AMZN,STK,SMART/ARCA,,,,,,||02/29/2016|
DES,CXO,STK,SMART/ARCA,,,,,,||02/29/2016|
DES,FCX,STK,SMART/ARCA,,,,,,||02/29/2016|
DES,FSLR,STK,SMART/ARCA,,,,,,||02/29/2016|
DES,NFLX,STK,SMART/ARCA,,,,,,||02/29/2016|
DES,NTAP,STK,SMART/ARCA,,,,,,||02/29/2016|
DES,QQQ,STK,SMART/ARCA,,,,,,||02/29/2016|
DES,AAPL,STK,SMART/ARCA,,,,,,||03/01/2016|
DES,AMZN,STK,SMART/ARCA,,,,,,||03/01/2016|
DES,CXO,STK,SMART/ARCA,,,,,,||03/01/2016|
DES,FCX,STK,SMART/ARCA,,,,,,||03/01/2016|
DES,FSLR,STK,SMART/ARCA,,,,,,||03/01/2016|
DES,NFLX,STK,SMART/ARCA,,,,,,||03/01/2016|
DES,NTAP,STK,SMART/ARCA,,,,,,||03/01/2016|
DES,QQQ,STK,SMART/ARCA,,,,,,||03/01/2016|
DES,AAPL,STK,SMART/ARCA,,,,,,||03/02/2016|
DES,AMZN,STK,SMART/ARCA,,,,,,||03/02/2016|
DES,CXO,STK,SMART/ARCA,,,,,,||03/02/2016|
DES,FCX,STK,SMART/ARCA,,,,,,||03/02/2016|
DES,FSLR,STK,SMART/ARCA,,,,,,||03/02/2016|
DES,NFLX,STK,SMART/ARCA,,,,,,||03/02/2016|
DES,NTAP,STK,SMART/ARCA,,,,,,||03/02/2016|
DES,QQQ,STK,SMART/ARCA,,,,,,||03/02/2016|
DES,AAPL,STK,SMART/ARCA,,,,,,||03/03/2016|
DES,AMZN,STK,SMART/ARCA,,,,,,||03/03/2016|
DES,CXO,STK,SMART/ARCA,,,,,,||03/03/2016|
DES,FCX,STK,SMART/ARCA,,,,,,||03/03/2016|
DES,FSLR,STK,SMART/ARCA,,,,,,||03/03/2016|
DES,NFLX,STK,SMART/ARCA,,,,,,||03/03/2016|
DES,NTAP,STK,SMART/ARCA,,,,,,||03/03/2016|
DES,QQQ,STK,SMART/ARCA,,,,,,||03/03/2016|
DES,AAPL,STK,SMART/ARCA,,,,,,||03/04/2016|
DES,AMZN,STK,SMART/ARCA,,,,,,||03/04/2016|
DES,CXO,STK,SMART/ARCA,,,,,,||03/04/2016|
DES,FCX,STK,SMART/ARCA,,,,,,||03/04/2016|
DES,FSLR,STK,SMART/ARCA,,,,,,||03/04/2016|
DES,NFLX,STK,SMART/ARCA,,,,,,||03/04/2016|
DES,NTAP,STK,SMART/ARCA,,,,,,||03/04/2016|
DES,QQQ,STK,SMART/ARCA,,,,,,||03/04/2016|
DES,AAPL,STK,SMART/ARCA,,,,,,||03/07/2016|
DES,AMZN,STK,SMART/ARCA,,,,,,||03/07/2016|
DES,CXO,STK,SMART/ARCA,,,,,,||03/07/2016|
DES,FCX,STK,SMART/ARCA,,,,,,||03/07/2016|
DES,FSLR,STK,SMART/ARCA,,,,,,||03/07/2016|
DES,NFLX,STK,SMART/ARCA,,,,,,||03/07/2016|
DES,NTAP,STK,SMART/ARCA,,,,,,||03/07/2016|
DES,QQQ,STK,SMART/ARCA,,,,,,||03/07/2016|
DES,AAPL,STK,SMART/ARCA,,,,,,||03/08/2016|
DES,AMZN,STK,SMART/ARCA,,,,,,||03/08/2016|
DES,CXO,STK,SMART/ARCA,,,,,,||03/08/2016|
DES,FCX,STK,SMART/ARCA,,,,,,||03/08/2016|
DES,FSLR,STK,SMART/ARCA,,,,,,||03/08/2016|
DES,NFLX,STK,SMART/ARCA,,,,,,||03/08/2016|
DES,NTAP,STK,SMART/ARCA,,,,,,||03/08/2016|
DES,QQQ,STK,SMART/ARCA,,,,,,||03/08/2016|
DES,AAPL,STK,SMART/ARCA,,,,,,||03/09/2016|
DES,AMZN,STK,SMART/ARCA,,,,,,||03/09/2016|
DES,CXO,STK,SMART/ARCA,,,,,,||03/09/2016|
DES,FCX,STK,SMART/ARCA,,,,,,||03/09/2016|
DES,FSLR,STK,SMART/ARCA,,,,,,||03/09/2016|
DES,NFLX,STK,SMART/ARCA,,,,,,||03/09/2016|
DES,NTAP,STK,SMART/ARCA,,,,,,||03/09/2016|
DES,QQQ,STK,SMART/ARCA,,,,,,||03/09/2016|
DES,AAPL,STK,SMART/ARCA,,,,,,||03/10/2016|
DES,AMZN,STK,SMART/ARCA,,,,,,||03/10/2016|
DES,CXO,STK,SMART/ARCA,,,,,,||03/10/2016|
DES,FCX,STK,SMART/ARCA,,,,,,||03/10/2016|
DES,FSLR,STK,SMART/ARCA,,,,,,||03/10/2016|
DES,NFLX,STK,SMART/ARCA,,,,,,||03/10/2016|
DES,NTAP,STK,SMART/ARCA,,,,,,||03/10/2016|
DES,QQQ,STK,SMART/ARCA,,,,,,||03/10/2016|
DES,AAPL,STK,SMART/ARCA,,,,,,||03/11/2016|
DES,AMZN,STK,SMART/ARCA,,,,,,||03/11/2016|
DES,CXO,STK,SMART/ARCA,,,,,,||03/11/2016|
DES,FCX,STK,SMART/ARCA,,,,,,||03/11/2016|
DES,FSLR,STK,SMART/ARCA,,,,,,||03/11/2016|
DES,NFLX,STK,SMART/ARCA,,,,,,||03/11/2016|
DES,NTAP,STK,SMART/ARCA,,,,,,||03/11/2016|
DES,QQQ,STK,SMART/ARCA,,,,,,||03/11/2016|
DES,AAPL,STK,SMART/ARCA,,,,,,||03/14/2016|
DES,AMZN,STK,SMART/ARCA,,,,,,||03/14/2016|
DES,CXO,STK,SMART/ARCA,,,,,,||03/14/2016|
DES,FCX,STK,SMART/ARCA,,,,,,||03/14/2016|
DES,FSLR,STK,SMART/ARCA,,,,,,||03/14/2016|
DES,NFLX,STK,SMART/ARCA,,,,,,||03/14/2016|
DES,NTAP,STK,SMART/ARCA,,,,,,||03/14/2016|
DES,QQQ,STK,SMART/ARCA,,,,,,||03/14/2016|
DES,AAPL,STK,SMART/ARCA,,,,,,||03/15/2016|
DES,AMZN,STK,SMART/ARCA,,,,,,||03/15/2016|
DES,CXO,STK,SMART/ARCA,,,,,,||03/15/2016|
DES,FCX,STK,SMART/ARCA,,,,,,||03/15/2016|
DES,FSLR,STK,SMART/ARCA,,,,,,||03/15/2016|
DES,NFLX,STK,SMART/ARCA,,,,,,||03/15/2016|
DES,NTAP,STK,SMART/ARCA,,,,,,||03/15/2016|
DES,QQQ,STK,SMART/ARCA,,,,,,||03/15/2016|
DES,AAPL,STK,SMART/ARCA,,,,,,||03/16/2016|
DES,AMZN,STK,SMART/ARCA,,,,,,||03/16/2016|
DES,CXO,STK,SMART/ARCA,,,,,,||03/16/2016|
DES,FCX,STK,SMART/ARCA,,,,,,||03/16/2016|
DES,FSLR,STK,SMART/ARCA,,,,,,||03/16/2016|
DES,NFLX,STK,SMART/ARCA,,,,,,||03/16/2016|
DES,NTAP,STK,SMART/ARCA,,,,,,||03/16/2016|
DES,QQQ,STK,SMART/ARCA,,,,,,||03/16/2016|
DES,AAPL,STK,SMART/ARCA,,,,,,||03/17/2016|
DES,AMZN,STK,SMART/ARCA,,,,,,||03/17/2016|
DES,CXO,STK,SMART/ARCA,,,,,,||03/17/2016|
DES,FCX,STK,SMART/ARCA,,,,,,||03/17/2016|
DES,FSLR,STK,SMART/ARCA,,,,,,||03/17/2016|
DES,NFLX,STK,SMART/ARCA,,,,,,||03/17/2016|
DES,NTAP,STK,SMART/ARCA,,,,,,||03/17/2016|
DES,QQQ,STK,SMART/ARCA,,,,,,||03/17/2016|
DES,AAPL,STK,SMART/ARCA,,,,,,||03/18/2016|
DES,AMZN,STK,SMART/ARCA,,,,,,||03/18/2016|
DES,CXO,STK,SMART/ARCA,,,,,,||03/18/2016|
DES,FCX,STK,SMART/ARCA,,,,,,||03/18/2016|
DES,FSLR,STK,SMART/ARCA,,,,,,||03/18/2016|
DES,NFLX,STK,SMART/ARCA,,,,,,||03/18/2016|
DES,NTAP,STK,SMART/ARCA,,,,,,||03/18/2016|
DES,QQQ,STK,SMART/ARCA,,,,,,||03/18/2016|
DES,AAPL,STK,SMART/ARCA,,,,,,||03/21/2016|
DES,AMZN,STK,SMART/ARCA,,,,,,||03/21/2016|
DES,CXO,STK,SMART/ARCA,,,,,,||03/21/2016|
DES,FCX,STK,SMART/ARCA,,,,,,||03/21/2016|
DES,FSLR,STK,SMART/ARCA,,,,,,||03/21/2016|
DES,NFLX,STK,SMART/ARCA,,,,,,||03/21/2016|
DES,NTAP,STK,SMART/ARCA,,,,,,||03/21/2016|
DES,QQQ,STK,SMART/ARCA,,,,,,||03/21/2016|
DES,AAPL,STK,SMART/ARCA,,,,,,||03/22/2016|
DES,AMZN,STK,SMART/ARCA,,,,,,||03/22/2016|
DES,CXO,STK,SMART/ARCA,,,,,,||03/22/2016|
DES,FCX,STK,SMART/ARCA,,,,,,||03/22/2016|
DES,FSLR,STK,SMART/ARCA,,,,,,||03/22/2016|
DES,NFLX,STK,SMART/ARCA,,,,,,||03/22/2016|
DES,NTAP,STK,SMART/ARCA,,,,,,||03/22/2016|
DES,QQQ,STK,SMART/ARCA,,,,,,||03/22/2016|
DES,AAPL,STK,SMART/ARCA,,,,,,||03/23/2016|
DES,AMZN,STK,SMART/ARCA,,,,,,||03/23/2016|
DES,CXO,STK,SMART/ARCA,,,,,,||03/23/2016|
DES,FCX,STK,SMART/ARCA,,,,,,||03/23/2016|
DES,FSLR,STK,SMART/ARCA,,,,,,||03/23/2016|
DES,NFLX,STK,SMART/ARCA,,,,,,||03/23/2016|
DES,NTAP,STK,SMART/ARCA,,,,,,||03/23/2016|
DES,QQQ,STK,SMART/ARCA,,,,,,||03/23/2016|
DES,AAPL,STK,SMART/ARCA,,,,,,||03/24/2016|
DES,AMZN,STK,SMART/ARCA,,,,,,||03/24/2016|
DES,CXO,STK,SMART/ARCA,,,,,,||03/24/2016|
DES,FCX,STK,SMART/ARCA,,,,,,||03/24/2016|
DES,FSLR,STK,SMART/ARCA,,,,,,||03/24/2016|
DES,NFLX,STK,SMART/ARCA,,,,,,||03/24/2016|
DES,NTAP,STK,SMART/ARCA,,,,,,||03/24/2016|
DES,QQQ,STK,SMART/ARCA,,,,,,||03/24/2016|
DES,AAPL,STK,SMART/ARCA,,,,,,||03/25/2016|
DES,AMZN,STK,SMART/ARCA,,,,,,||03/25/2016|
DES,CXO,STK,SMART/ARCA,,,,,,||03/25/2016|
DES,FCX,STK,SMART/ARCA,,,,,,||03/25/2016|
DES,FSLR,STK,SMART/ARCA,,,,,,||03/25/2016|
DES,NFLX,STK,SMART/ARCA,,,,,,||03/25/2016|
DES,NTAP,STK,SMART/ARCA,,,,,,||03/25/2016|
DES,QQQ,STK,SMART/ARCA,,,,,,||03/25/2016|
DES,AAPL,STK,SMART/ARCA,,,,,,||03/28/2016|
DES,AMZN,STK,SMART/ARCA,,,,,,||03/28/2016|
DES,CXO,STK,SMART/ARCA,,,,,,||03/28/2016|
DES,FCX,STK,SMART/ARCA,,,,,,||03/28/2016|
DES,FSLR,STK,SMART/ARCA,,,,,,||03/28/2016|
DES,NFLX,STK,SMART/ARCA,,,,,,||03/28/2016|
DES,NTAP,STK,SMART/ARCA,,,,,,||03/28/2016|
DES,QQQ,STK,SMART/ARCA,,,,,,||03/28/2016|
DES,AAPL,STK,SMART/ARCA,,,,,,||03/29/2016|
DES,AMZN,STK,SMART/ARCA,,,,,,||03/29/2016|
DES,CXO,STK,SMART/ARCA,,,,,,||03/29/2016|
DES,FCX,STK,SMART/ARCA,,,,,,||03/29/2016|
DES,FSLR,STK,SMART/ARCA,,,,,,||03/29/2016|
DES,NFLX,STK,SMART/ARCA,,,,,,||03/29/2016|
DES,NTAP,STK,SMART/ARCA,,,,,,||03/29/2016|
DES,QQQ,STK,SMART/ARCA,,,,,,||03/29/2016|
DES,AAPL,STK,SMART/ARCA,,,,,,||03/30/2016|
DES,AMZN,STK,SMART/ARCA,,,,,,||03/30/2016|
DES,CXO,STK,SMART/ARCA,,,,,,||03/30/2016|
DES,FCX,STK,SMART/ARCA,,,,,,||03/30/2016|
DES,FSLR,STK,SMART/ARCA,,,,,,||03/30/2016|
DES,NFLX,STK,SMART/ARCA,,,,,,||03/30/2016|
DES,NTAP,STK,SMART/ARCA,,,,,,||03/30/2016|
DES,QQQ,STK,SMART/ARCA,,,,,,||03/30/2016|
DES,AAPL,STK,SMART/ARCA,,,,,,||03/31/2016|
DES,AMZN,STK,SMART/ARCA,,,,,,||03/31/2016|
DES,CXO,STK,SMART/ARCA,,,,,,||03/31/2016|
DES,FCX,STK,SMART/ARCA,,,,,,||03/31/2016|
DES,FSLR,STK,SMART/ARCA,,,,,,||03/31/2016|
DES,NFLX,STK,SMART/ARCA,,,,,,||03/31/2016|
DES,NTAP,STK,SMART/ARCA,,,,,,||03/31/2016|
DES,QQQ,STK,SMART/ARCA,,,,,,||03/31/2016|
DES,AAPL,STK,SMART/ARCA,,,,,,||04/01/2016|
DES,AMZN,STK,SMART/ARCA,,,,,,||04/01/2016|
DES,CXO,STK,SMART/ARCA,,,,,,||04/01/2016|
DES,FCX,STK,SMART/ARCA,,,,,,||04/01/2016|
DES,FSLR,STK,SMART/ARCA,,,,,,||04/01/2016|
DES,NFLX,STK,SMART/ARCA,,,,,,||04/01/2016|
DES,NTAP,STK,SMART/ARCA,,,,,,||04/01/2016|
DES,QQQ,STK,SMART/ARCA,,,,,,||04/01/2016|
DES,AAPL,STK,SMART/ARCA,,,,,,||04/04/2016|
DES,AMZN,STK,SMART/ARCA,,,,,,||04/04/2016|
DES,CXO,STK,SMART/ARCA,,,,,,||04/04/2016|
DES,FCX,STK,SMART/ARCA,,,,,,||04/04/2016|
DES,FSLR,STK,SMART/ARCA,,,,,,||04/04/2016|
DES,NFLX,STK,SMART/ARCA,,,,,,||04/04/2016|
DES,NTAP,STK,SMART/ARCA,,,,,,||04/04/2016|
DES,QQQ,STK,SMART/ARCA,,,,,,||04/04/2016|
DES,AAPL,STK,SMART/ARCA,,,,,,||04/05/2016|
DES,AMZN,STK,SMART/ARCA,,,,,,||04/05/2016|
DES,CXO,STK,SMART/ARCA,,,,,,||04/05/2016|
DES,FCX,STK,SMART/ARCA,,,,,,||04/05/2016|
DES,FSLR,STK,SMART/ARCA,,,,,,||04/05/2016|
DES,NFLX,STK,SMART/ARCA,,,,,,||04/05/2016|
DES,NTAP,STK,SMART/ARCA,,,,,,||04/05/2016|
DES,QQQ,STK,SMART/ARCA,,,,,,||04/05/2016|
DES,AAPL,STK,SMART/ARCA,,,,,,||04/06/2016|
DES,AMZN,STK,SMART/ARCA,,,,,,||04/06/2016|
DES,CXO,STK,SMART/ARCA,,,,,,||04/06/2016|
DES,FCX,STK,SMART/ARCA,,,,,,||04/06/2016|
DES,FSLR,STK,SMART/ARCA,,,,,,||04/06/2016|
DES,NFLX,STK,SMART/ARCA,,,,,,||04/06/2016|
DES,NTAP,STK,SMART/ARCA,,,,,,||04/06/2016|
DES,QQQ,STK,SMART/ARCA,,,,,,||04/06/2016|
DES,AAPL,STK,SMART/ARCA,,,,,,||04/07/2016|
DES,AMZN,STK,SMART/ARCA,,,,,,||04/07/2016|
DES,CXO,STK,SMART/ARCA,,,,,,||04/07/2016|
DES,FCX,STK,SMART/ARCA,,,,,,||04/07/2016|
DES,FSLR,STK,SMART/ARCA,,,,,,||04/07/2016|
DES,NFLX,STK,SMART/ARCA,,,,,,||04/07/2016|
DES,NTAP,STK,SMART/ARCA,,,,,,||04/07/2016|
DES,QQQ,STK,SMART/ARCA,,,,,,||04/07/2016|
DES,AAPL,STK,SMART/ARCA,,,,,,||04/08/2016|
DES,AMZN,STK,SMART/ARCA,,,,,,||04/08/2016|
DES,CXO,STK,SMART/ARCA,,,,,,||04/08/2016|
DES,FCX,STK,SMART/ARCA,,,,,,||04/08/2016|
DES,FSLR,STK,SMART/ARCA,,,,,,||04/08/2016|
DES,NFLX,STK,SMART/ARCA,,,,,,||04/08/2016|
DES,NTAP,STK,SMART/ARCA,,,,,,||04/08/2016|
DES,QQQ,STK,SMART/ARCA,,,,,,||04/08/2016|
DES,AAPL,STK,SMART/ARCA,,,,,,||04/11/2016|
DES,AMZN,STK,SMART/ARCA,,,,,,||04/11/2016|
DES,CXO,STK,SMART/ARCA,,,,,,||04/11/2016|
DES,FCX,STK,SMART/ARCA,,,,,,||04/11/2016|
DES,FSLR,STK,SMART/ARCA,,,,,,||04/11/2016|
DES,NFLX,STK,SMART/ARCA,,,,,,||04/11/2016|
DES,NTAP,STK,SMART/ARCA,,,,,,||04/11/2016|
DES,QQQ,STK,SMART/ARCA,,,,,,||04/11/2016|
DES,AAPL,STK,SMART/ARCA,,,,,,||04/12/2016|
DES,AMZN,STK,SMART/ARCA,,,,,,||04/12/2016|
DES,CXO,STK,SMART/ARCA,,,,,,||04/12/2016|
DES,FCX,STK,SMART/ARCA,,,,,,||04/12/2016|
DES,FSLR,STK,SMART/ARCA,,,,,,||04/12/2016|
DES,NFLX,STK,SMART/ARCA,,,,,,||04/12/2016|
DES,NTAP,STK,SMART/ARCA,,,,,,||04/12/2016|
DES,QQQ,STK,SMART/ARCA,,,,,,||04/12/2016|
DES,AAPL,STK,SMART/ARCA,,,,,,||04/13/2016|
DES,AMZN,STK,SMART/ARCA,,,,,,||04/13/2016|
DES,CXO,STK,SMART/ARCA,,,,,,||04/13/2016|
DES,FCX,STK,SMART/ARCA,,,,,,||04/13/2016|
DES,FSLR,STK,SMART/ARCA,,,,,,||04/13/2016|
DES,NFLX,STK,SMART/ARCA,,,,,,||04/13/2016|
DES,NTAP,STK,SMART/ARCA,,,,,,||04/13/2016|
DES,QQQ,STK,SMART/ARCA,,,,,,||04/13/2016|
DES,AAPL,STK,SMART/ARCA,,,,,,||04/14/2016|
DES,AMZN,STK,SMART/ARCA,,,,,,||04/14/2016|
DES,CXO,STK,SMART/ARCA,,,,,,||04/14/2016|
DES,FCX,STK,SMART/ARCA,,,,,,||04/14/2016|
DES,FSLR,STK,SMART/ARCA,,,,,,||04/14/2016|
DES,NFLX,STK,SMART/ARCA,,,,,,||04/14/2016|
DES,NTAP,STK,SMART/ARCA,,,,,,||04/14/2016|
DES,QQQ,STK,SMART/ARCA,,,,,,||04/14/2016|
DES,AAPL,STK,SMART/ARCA,,,,,,||04/15/2016|
DES,AMZN,STK,SMART/ARCA,,,,,,||04/15/2016|
DES,CXO,STK,SMART/ARCA,,,,,,||04/15/2016|
DES,FCX,STK,SMART/ARCA,,,,,,||04/15/2016|
DES,FSLR,STK,SMART/ARCA,,,,,,||04/15/2016|
DES,NFLX,STK,SMART/ARCA,,,,,,||04/15/2016|
DES,NTAP,STK,SMART/ARCA,,,,,,||04/15/2016|
DES,QQQ,STK,SMART/ARCA,,,,,,||04/15/2016|
DES,AAPL,STK,SMART/ARCA,,,,,,||04/18/2016|
DES,AMZN,STK,SMART/ARCA,,,,,,||04/18/2016|
DES,CXO,STK,SMART/ARCA,,,,,,||04/18/2016|
DES,FCX,STK,SMART/ARCA,,,,,,||04/18/2016|
DES,FSLR,STK,SMART/ARCA,,,,,,||04/18/2016|
DES,NFLX,STK,SMART/ARCA,,,,,,||04/18/2016|
DES,NTAP,STK,SMART/ARCA,,,,,,||04/18/2016|
DES,QQQ,STK,SMART/ARCA,,,,,,||04/18/2016|
DES,AAPL,STK,SMART/ARCA,,,,,,||04/19/2016|
DES,AMZN,STK,SMART/ARCA,,,,,,||04/19/2016|
DES,CXO,STK,SMART/ARCA,,,,,,||04/19/2016|
DES,FCX,STK,SMART/ARCA,,,,,,||04/19/2016|
DES,FSLR,STK,SMART/ARCA,,,,,,||04/19/2016|
DES,NFLX,STK,SMART/ARCA,,,,,,||04/19/2016|
DES,NTAP,STK,SMART/ARCA,,,,,,||04/19/2016|
DES,QQQ,STK,SMART/ARCA,,,,,,||04/19/2016|
DES,AAPL,STK,SMART/ARCA,,,,,,||04/20/2016|
DES,AMZN,STK,SMART/ARCA,,,,,,||04/20/2016|
DES,CXO,STK,SMART/ARCA,,,,,,||04/20/2016|
DES,FCX,STK,SMART/ARCA,,,,,,||04/20/2016|
DES,FSLR,STK,SMART/ARCA,,,,,,||04/20/2016|
DES,NFLX,STK,SMART/ARCA,,,,,,||04/20/2016|
DES,NTAP,STK,SMART/ARCA,,,,,,||04/20/2016|
DES,QQQ,STK,SMART/ARCA,,,,,,||04/20/2016|
DES,AAPL,STK,SMART/ARCA,,,,,,||04/21/2016|
DES,AMZN,STK,SMART/ARCA,,,,,,||04/21/2016|
DES,CXO,STK,SMART/ARCA,,,,,,||04/21/2016|
DES,FCX,STK,SMART/ARCA,,,,,,||04/21/2016|
DES,FSLR,STK,SMART/ARCA,,,,,,||04/21/2016|
DES,NFLX,STK,SMART/ARCA,,,,,,||04/21/2016|
DES,NTAP,STK,SMART/ARCA,,,,,,||04/21/2016|
DES,QQQ,STK,SMART/ARCA,,,,,,||04/21/2016|
DES,AAPL,STK,SMART/ARCA,,,,,,||04/22/2016|
DES,AMZN,STK,SMART/ARCA,,,,,,||04/22/2016|
DES,CXO,STK,SMART/ARCA,,,,,,||04/22/2016|
DES,FCX,STK,SMART/ARCA,,,,,,||04/22/2016|
DES,FSLR,STK,SMART/ARCA,,,,,,||04/22/2016|
DES,NFLX,STK,SMART/ARCA,,,,,,||04/22/2016|
DES,NTAP,STK,SMART/ARCA,,,,,,||04/22/2016|
DES,QQQ,STK,SMART/ARCA,,,,,,||04/22/2016|
DES,AAPL,STK,SMART/ARCA,,,,,,||04/25/2016|
DES,AMZN,STK,SMART/ARCA,,,,,,||04/25/2016|
DES,CXO,STK,SMART/ARCA,,,,,,||04/25/2016|
DES,FCX,STK,SMART/ARCA,,,,,,||04/25/2016|
DES,FSLR,STK,SMART/ARCA,,,,,,||04/25/2016|
DES,NFLX,STK,SMART/ARCA,,,,,,||04/25/2016|
DES,NTAP,STK,SMART/ARCA,,,,,,||04/25/2016|
DES,QQQ,STK,SMART/ARCA,,,,,,||04/25/2016|
DES,AAPL,STK,SMART/ARCA,,,,,,||04/26/2016|
DES,AMZN,STK,SMART/ARCA,,,,,,||04/26/2016|
DES,CXO,STK,SMART/ARCA,,,,,,||04/26/2016|
DES,FCX,STK,SMART/ARCA,,,,,,||04/26/2016|
DES,FSLR,STK,SMART/ARCA,,,,,,||04/26/2016|
DES,NFLX,STK,SMART/ARCA,,,,,,||04/26/2016|
DES,NTAP,STK,SMART/ARCA,,,,,,||04/26/2016|
DES,QQQ,STK,SMART/ARCA,,,,,,||04/26/2016|
DES,AAPL,STK,SMART/ARCA,,,,,,||04/27/2016|
DES,AMZN,STK,SMART/ARCA,,,,,,||04/27/2016|
DES,CXO,STK,SMART/ARCA,,,,,,||04/27/2016|
DES,FCX,STK,SMART/ARCA,,,,,,||04/27/2016|
DES,FSLR,STK,SMART/ARCA,,,,,,||04/27/2016|
DES,NFLX,STK,SMART/ARCA,,,,,,||04/27/2016|
DES,NTAP,STK,SMART/ARCA,,,,,,||04/27/2016|
DES,QQQ,STK,SMART/ARCA,,,,,,||04/27/2016|
DES,AAPL,STK,SMART/ARCA,,,,,,||04/28/2016|
DES,AMZN,STK,SMART/ARCA,,,,,,||04/28/2016|
DES,CXO,STK,SMART/ARCA,,,,,,||04/28/2016|
DES,FCX,STK,SMART/ARCA,,,,,,||04/28/2016|
DES,FSLR,STK,SMART/ARCA,,,,,,||04/28/2016|
DES,NFLX,STK,SMART/ARCA,,,,,,||04/28/2016|
DES,NTAP,STK,SMART/ARCA,,,,,,||04/28/2016|
DES,QQQ,STK,SMART/ARCA,,,,,,||04/28/2016|
DES,AAPL,STK,SMART/ARCA,,,,,,||04/29/2016|
DES,AMZN,STK,SMART/ARCA,,,,,,||04/29/2016|
DES,CXO,STK,SMART/ARCA,,,,,,||04/29/2016|
DES,FCX,STK,SMART/ARCA,,,,,,||04/29/2016|
DES,FSLR,STK,SMART/ARCA,,,,,,||04/29/2016|
DES,NFLX,STK,SMART/ARCA,,,,,,||04/29/2016|
DES,NTAP,STK,SMART/ARCA,,,,,,||04/29/2016|
DES,QQQ,STK,SMART/ARCA,,,,,,||04/29/2016|
DES,AAPL,STK,SMART/ARCA,,,,,,||05/02/2016|
DES,AMZN,STK,SMART/ARCA,,,,,,||05/02/2016|
DES,CXO,STK,SMART/ARCA,,,,,,||05/02/2016|
DES,FCX,STK,SMART/ARCA,,,,,,||05/02/2016|
DES,FSLR,STK,SMART/ARCA,,,,,,||05/02/2016|
DES,NFLX,STK,SMART/ARCA,,,,,,||05/02/2016|
DES,NTAP,STK,SMART/ARCA,,,,,,||05/02/2016|
DES,QQQ,STK,SMART/ARCA,,,,,,||05/02/2016|
DES,AAPL,STK,SMART/ARCA,,,,,,||05/03/2016|
DES,AMZN,STK,SMART/ARCA,,,,,,||05/03/2016|
DES,CXO,STK,SMART/ARCA,,,,,,||05/03/2016|
DES,FCX,STK,SMART/ARCA,,,,,,||05/03/2016|
DES,FSLR,STK,SMART/ARCA,,,,,,||05/03/2016|
DES,NFLX,STK,SMART/ARCA,,,,,,||05/03/2016|
DES,NTAP,STK,SMART/ARCA,,,,,,||05/03/2016|
DES,QQQ,STK,SMART/ARCA,,,,,,||05/03/2016|
DES,AAPL,STK,SMART/ARCA,,,,,,||05/04/2016|
DES,AMZN,STK,SMART/ARCA,,,,,,||05/04/2016|
DES,CXO,STK,SMART/ARCA,,,,,,||05/04/2016|
DES,FCX,STK,SMART/ARCA,,,,,,||05/04/2016|
DES,FSLR,STK,SMART/ARCA,,,,,,||05/04/2016|
DES,NFLX,STK,SMART/ARCA,,,,,,||05/04/2016|
DES,NTAP,STK,SMART/ARCA,,,,,,||05/04/2016|
DES,QQQ,STK,SMART/ARCA,,,,,,||05/04/2016|
DES,AAPL,STK,SMART/ARCA,,,,,,||05/05/2016|
DES,AMZN,STK,SMART/ARCA,,,,,,||05/05/2016|
DES,CXO,STK,SMART/ARCA,,,,,,||05/05/2016|
DES,FCX,STK,SMART/ARCA,,,,,,||05/05/2016|
DES,FSLR,STK,SMART/ARCA,,,,,,||05/05/2016|
DES,NFLX,STK,SMART/ARCA,,,,,,||05/05/2016|
DES,NTAP,STK,SMART/ARCA,,,,,,||05/05/2016|
DES,QQQ,STK,SMART/ARCA,,,,,,||05/05/2016|
DES,AAPL,STK,SMART/ARCA,,,,,,||05/06/2016|
DES,AMZN,STK,SMART/ARCA,,,,,,||05/06/2016|
DES,CXO,STK,SMART/ARCA,,,,,,||05/06/2016|
DES,FCX,STK,SMART/ARCA,,,,,,||05/06/2016|
DES,FSLR,STK,SMART/ARCA,,,,,,||05/06/2016|
DES,NFLX,STK,SMART/ARCA,,,,,,||05/06/2016|
DES,NTAP,STK,SMART/ARCA,,,,,,||05/06/2016|
DES,QQQ,STK,SMART/ARCA,,,,,,||05/06/2016|
DES,AAPL,STK,SMART/ARCA,,,,,,||05/09/2016|
DES,AMZN,STK,SMART/ARCA,,,,,,||05/09/2016|
DES,CXO,STK,SMART/ARCA,,,,,,||05/09/2016|
DES,FCX,STK,SMART/ARCA,,,,,,||05/09/2016|
DES,FSLR,STK,SMART/ARCA,,,,,,||05/09/2016|
DES,NFLX,STK,SMART/ARCA,,,,,,||05/09/2016|
DES,NTAP,STK,SMART/ARCA,,,,,,||05/09/2016|
DES,QQQ,STK,SMART/ARCA,,,,,,||05/09/2016|
DES,AAPL,STK,SMART/ARCA,,,,,,||05/10/2016|
DES,AMZN,STK,SMART/ARCA,,,,,,||05/10/2016|
DES,CXO,STK,SMART/ARCA,,,,,,||05/10/2016|
DES,FCX,STK,SMART/ARCA,,,,,,||05/10/2016|
DES,FSLR,STK,SMART/ARCA,,,,,,||05/10/2016|
DES,NFLX,STK,SMART/ARCA,,,,,,||05/10/2016|
DES,NTAP,STK,SMART/ARCA,,,,,,||05/10/2016|
DES,QQQ,STK,SMART/ARCA,,,,,,||05/10/2016|
DES,AAPL,STK,SMART/ARCA,,,,,,||05/11/2016|
DES,AMZN,STK,SMART/ARCA,,,,,,||05/11/2016|
DES,CXO,STK,SMART/ARCA,,,,,,||05/11/2016|
DES,FCX,STK,SMART/ARCA,,,,,,||05/11/2016|
DES,FSLR,STK,SMART/ARCA,,,,,,||05/11/2016|
DES,NFLX,STK,SMART/ARCA,,,,,,||05/11/2016|
DES,NTAP,STK,SMART/ARCA,,,,,,||05/11/2016|
DES,QQQ,STK,SMART/ARCA,,,,,,||05/11/2016|
DES,AAPL,STK,SMART/ARCA,,,,,,||05/12/2016|
DES,AMZN,STK,SMART/ARCA,,,,,,||05/12/2016|
DES,CXO,STK,SMART/ARCA,,,,,,||05/12/2016|
DES,FCX,STK,SMART/ARCA,,,,,,||05/12/2016|
DES,FSLR,STK,SMART/ARCA,,,,,,||05/12/2016|
DES,NFLX,STK,SMART/ARCA,,,,,,||05/12/2016|
DES,NTAP,STK,SMART/ARCA,,,,,,||05/12/2016|
DES,QQQ,STK,SMART/ARCA,,,,,,||05/12/2016|
DES,AAPL,STK,SMART/ARCA,,,,,,||05/13/2016|
DES,AMZN,STK,SMART/ARCA,,,,,,||05/13/2016|
DES,CXO,STK,SMART/ARCA,,,,,,||05/13/2016|
DES,FCX,STK,SMART/ARCA,,,,,,||05/13/2016|
DES,FSLR,STK,SMART/ARCA,,,,,,||05/13/2016|
DES,NFLX,STK,SMART/ARCA,,,,,,||05/13/2016|
DES,NTAP,STK,SMART/ARCA,,,,,,||05/13/2016|
DES,QQQ,STK,SMART/ARCA,,,,,,||05/13/2016|
DES,AAPL,STK,SMART/ARCA,,,,,,||05/16/2016|
DES,AMZN,STK,SMART/ARCA,,,,,,||05/16/2016|
DES,CXO,STK,SMART/ARCA,,,,,,||05/16/2016|
DES,FCX,STK,SMART/ARCA,,,,,,||05/16/2016|
DES,FSLR,STK,SMART/ARCA,,,,,,||05/16/2016|
DES,NFLX,STK,SMART/ARCA,,,,,,||05/16/2016|
DES,NTAP,STK,SMART/ARCA,,,,,,||05/16/2016|
DES,QQQ,STK,SMART/ARCA,,,,,,||05/16/2016|
DES,AAPL,STK,SMART/ARCA,,,,,,||05/17/2016|
DES,AMZN,STK,SMART/ARCA,,,,,,||05/17/2016|
DES,CXO,STK,SMART/ARCA,,,,,,||05/17/2016|
DES,FCX,STK,SMART/ARCA,,,,,,||05/17/2016|
DES,FSLR,STK,SMART/ARCA,,,,,,||05/17/2016|
DES,NFLX,STK,SMART/ARCA,,,,,,||05/17/2016|
DES,NTAP,STK,SMART/ARCA,,,,,,||05/17/2016|
DES,QQQ,STK,SMART/ARCA,,,,,,||05/17/2016|
DES,AAPL,STK,SMART/ARCA,,,,,,||05/18/2016|
DES,AMZN,STK,SMART/ARCA,,,,,,||05/18/2016|
DES,CXO,STK,SMART/ARCA,,,,,,||05/18/2016|
DES,FCX,STK,SMART/ARCA,,,,,,||05/18/2016|
DES,FSLR,STK,SMART/ARCA,,,,,,||05/18/2016|
DES,NFLX,STK,SMART/ARCA,,,,,,||05/18/2016|
DES,NTAP,STK,SMART/ARCA,,,,,,||05/18/2016|
DES,QQQ,STK,SMART/ARCA,,,,,,||05/18/2016|
DES,AAPL,STK,SMART/ARCA,,,,,,||05/19/2016|
DES,AMZN,STK,SMART/ARCA,,,,,,||05/19/2016|
DES,CXO,STK,SMART/ARCA,,,,,,||05/19/2016|
DES,FCX,STK,SMART/ARCA,,,,,,||05/19/2016|
DES,FSLR,STK,SMART/ARCA,,,,,,||05/19/2016|
DES,NFLX,STK,SMART/ARCA,,,,,,||05/19/2016|
DES,NTAP,STK,SMART/ARCA,,,,,,||05/19/2016|
DES,QQQ,STK,SMART/ARCA,,,,,,||05/19/2016|
DES,AAPL,STK,SMART/ARCA,,,,,,||05/20/2016|
DES,AMZN,STK,SMART/ARCA,,,,,,||05/20/2016|
DES,CXO,STK,SMART/ARCA,,,,,,||05/20/2016|
DES,FCX,STK,SMART/ARCA,,,,,,||05/20/2016|
DES,FSLR,STK,SMART/ARCA,,,,,,||05/20/2016|
DES,NFLX,STK,SMART/ARCA,,,,,,||05/20/2016|
DES,NTAP,STK,SMART/ARCA,,,,,,||05/20/2016|
DES,QQQ,STK,SMART/ARCA,,,,,,||05/20/2016|
DES,AAPL,STK,SMART/ARCA,,,,,,||05/23/2016|
DES,AMZN,STK,SMART/ARCA,,,,,,||05/23/2016|
DES,CXO,STK,SMART/ARCA,,,,,,||05/23/2016|
DES,FCX,STK,SMART/ARCA,,,,,,||05/23/2016|
DES,FSLR,STK,SMART/ARCA,,,,,,||05/23/2016|
DES,NFLX,STK,SMART/ARCA,,,,,,||05/23/2016|
DES,NTAP,STK,SMART/ARCA,,,,,,||05/23/2016|
DES,QQQ,STK,SMART/ARCA,,,,,,||05/23/2016|
DES,AAPL,STK,SMART/ARCA,,,,,,||05/24/2016|
DES,AMZN,STK,SMART/ARCA,,,,,,||05/24/2016|
DES,CXO,STK,SMART/ARCA,,,,,,||05/24/2016|
DES,FCX,STK,SMART/ARCA,,,,,,||05/24/2016|
DES,FSLR,STK,SMART/ARCA,,,,,,||05/24/2016|
DES,NFLX,STK,SMART/ARCA,,,,,,||05/24/2016|
DES,NTAP,STK,SMART/ARCA,,,,,,||05/24/2016|
DES,QQQ,STK,SMART/ARCA,,,,,,||05/24/2016|
DES,AAPL,STK,SMART/ARCA,,,,,,||05/25/2016|
DES,AMZN,STK,SMART/ARCA,,,,,,||05/25/2016|
DES,CXO,STK,SMART/ARCA,,,,,,||05/25/2016|
DES,FCX,STK,SMART/ARCA,,,,,,||05/25/2016|
DES,FSLR,STK,SMART/ARCA,,,,,,||05/25/2016|
DES,NFLX,STK,SMART/ARCA,,,,,,||05/25/2016|
DES,NTAP,STK,SMART/ARCA,,,,,,||05/25/2016|
DES,QQQ,STK,SMART/ARCA,,,,,,||05/25/2016|
DES,AAPL,STK,SMART/ARCA,,,,,,||05/26/2016|
DES,AMZN,STK,SMART/ARCA,,,,,,||05/26/2016|
DES,CXO,STK,SMART/ARCA,,,,,,||05/26/2016|
DES,FCX,STK,SMART/ARCA,,,,,,||05/26/2016|
DES,FSLR,STK,SMART/ARCA,,,,,,||05/26/2016|
DES,NFLX,STK,SMART/ARCA,,,,,,||05/26/2016|
DES,NTAP,STK,SMART/ARCA,,,,,,||05/26/2016|
DES,QQQ,STK,SMART/ARCA,,,,,,||05/26/2016|
DES,AAPL,STK,SMART/ARCA,,,,,,||05/27/2016|
DES,AMZN,STK,SMART/ARCA,,,,,,||05/27/2016|
DES,CXO,STK,SMART/ARCA,,,,,,||05/27/2016|
DES,FCX,STK,SMART/ARCA,,,,,,||05/27/2016|
DES,FSLR,STK,SMART/ARCA,,,,,,||05/27/2016|
DES,NFLX,STK,SMART/ARCA,,,,,,||05/27/2016|
DES,NTAP,STK,SMART/ARCA,,,,,,||05/27/2016|
DES,QQQ,STK,SMART/ARCA,,,,,,||05/27/2016|
DES,AAPL,STK,SMART/ARCA,,,,,,||05/30/2016|
DES,AMZN,STK,SMART/ARCA,,,,,,||05/30/2016|
DES,CXO,STK,SMART/ARCA,,,,,,||05/30/2016|
DES,FCX,STK,SMART/ARCA,,,,,,||05/30/2016|
DES,FSLR,STK,SMART/ARCA,,,,,,||05/30/2016|
DES,NFLX,STK,SMART/ARCA,,,,,,||05/30/2016|
DES,NTAP,STK,SMART/ARCA,,,,,,||05/30/2016|
DES,QQQ,STK,SMART/ARCA,,,,,,||05/30/2016|
DES,AAPL,STK,SMART/ARCA,,,,,,||05/31/2016|
DES,AMZN,STK,SMART/ARCA,,,,,,||05/31/2016|
DES,CXO,STK,SMART/ARCA,,,,,,||05/31/2016|
DES,FCX,STK,SMART/ARCA,,,,,,||05/31/2016|
DES,FSLR,STK,SMART/ARCA,,,,,,||05/31/2016|
DES,NFLX,STK,SMART/ARCA,,,,,,||05/31/2016|
DES,NTAP,STK,SMART/ARCA,,,,,,||05/31/2016|
DES,QQQ,STK,SMART/ARCA,,,,,,||05/31/2016|
DES,AAPL,STK,SMART/ARCA,,,,,,||06/01/2016|
DES,AMZN,STK,SMART/ARCA,,,,,,||06/01/2016|
DES,CXO,STK,SMART/ARCA,,,,,,||06/01/2016|
DES,FCX,STK,SMART/ARCA,,,,,,||06/01/2016|
DES,FSLR,STK,SMART/ARCA,,,,,,||06/01/2016|
DES,NFLX,STK,SMART/ARCA,,,,,,||06/01/2016|
DES,NTAP,STK,SMART/ARCA,,,,,,||06/01/2016|
DES,QQQ,STK,SMART/ARCA,,,,,,||06/01/2016|
DES,AAPL,STK,SMART/ARCA,,,,,,||06/02/2016|
DES,AMZN,STK,SMART/ARCA,,,,,,||06/02/2016|
DES,CXO,STK,SMART/ARCA,,,,,,||06/02/2016|
DES,FCX,STK,SMART/ARCA,,,,,,||06/02/2016|
DES,FSLR,STK,SMART/ARCA,,,,,,||06/02/2016|
DES,NFLX,STK,SMART/ARCA,,,,,,||06/02/2016|
DES,NTAP,STK,SMART/ARCA,,,,,,||06/02/2016|
DES,QQQ,STK,SMART/ARCA,,,,,,||06/02/2016|
DES,AAPL,STK,SMART/ARCA,,,,,,||06/03/2016|
DES,AMZN,STK,SMART/ARCA,,,,,,||06/03/2016|
DES,CXO,STK,SMART/ARCA,,,,,,||06/03/2016|
DES,FCX,STK,SMART/ARCA,,,,,,||06/03/2016|
DES,FSLR,STK,SMART/ARCA,,,,,,||06/03/2016|
DES,NFLX,STK,SMART/ARCA,,,,,,||06/03/2016|
DES,NTAP,STK,SMART/ARCA,,,,,,||06/03/2016|
DES,QQQ,STK,SMART/ARCA,,,,,,||06/03/2016|
DES,AAPL,STK,SMART/ARCA,,,,,,||06/06/2016|
DES,AMZN,STK,SMART/ARCA,,,,,,||06/06/2016|
DES,CXO,STK,SMART/ARCA,,,,,,||06/06/2016|
DES,FCX,STK,SMART/ARCA,,,,,,||06/06/2016|
DES,FSLR,STK,SMART/ARCA,,,,,,||06/06/2016|
DES,NFLX,STK,SMART/ARCA,,,,,,||06/06/2016|
DES,NTAP,STK,SMART/ARCA,,,,,,||06/06/2016|
DES,QQQ,STK,SMART/ARCA,,,,,,||06/06/2016|
DES,AAPL,STK,SMART/ARCA,,,,,,||06/07/2016|
DES,AMZN,STK,SMART/ARCA,,,,,,||06/07/2016|
DES,CXO,STK,SMART/ARCA,,,,,,||06/07/2016|
DES,FCX,STK,SMART/ARCA,,,,,,||06/07/2016|
DES,FSLR,STK,SMART/ARCA,,,,,,||06/07/2016|
DES,NFLX,STK,SMART/ARCA,,,,,,||06/07/2016|
DES,NTAP,STK,SMART/ARCA,,,,,,||06/07/2016|
DES,QQQ,STK,SMART/ARCA,,,,,,||06/07/2016|
DES,AAPL,STK,SMART/ARCA,,,,,,||06/08/2016|
DES,AMZN,STK,SMART/ARCA,,,,,,||06/08/2016|
DES,CXO,STK,SMART/ARCA,,,,,,||06/08/2016|
DES,FCX,STK,SMART/ARCA,,,,,,||06/08/2016|
DES,FSLR,STK,SMART/ARCA,,,,,,||06/08/2016|
DES,NFLX,STK,SMART/ARCA,,,,,,||06/08/2016|
DES,NTAP,STK,SMART/ARCA,,,,,,||06/08/2016|
DES,QQQ,STK,SMART/ARCA,,,,,,||06/08/2016|
DES,AAPL,STK,SMART/ARCA,,,,,,||06/09/2016|
DES,AMZN,STK,SMART/ARCA,,,,,,||06/09/2016|
DES,CXO,STK,SMART/ARCA,,,,,,||06/09/2016|
DES,FCX,STK,SMART/ARCA,,,,,,||06/09/2016|
DES,FSLR,STK,SMART/ARCA,,,,,,||06/09/2016|
DES,NFLX,STK,SMART/ARCA,,,,,,||06/09/2016|
DES,NTAP,STK,SMART/ARCA,,,,,,||06/09/2016|
DES,QQQ,STK,SMART/ARCA,,,,,,||06/09/2016|
DES,AAPL,STK,SMART/ARCA,,,,,,||06/10/2016|
DES,AMZN,STK,SMART/ARCA,,,,,,||06/10/2016|
DES,CXO,STK,SMART/ARCA,,,,,,||06/10/2016|
DES,FCX,STK,SMART/ARCA,,,,,,||06/10/2016|
DES,FSLR,STK,SMART/ARCA,,,,,,||06/10/2016|
DES,NFLX,STK,SMART/ARCA,,,,,,||06/10/2016|
DES,NTAP,STK,SMART/ARCA,,,,,,||06/10/2016|
DES,QQQ,STK,SMART/ARCA,,,,,,||06/10/2016|
DES,AAPL,STK,SMART/ARCA,,,,,,||06/13/2016|
DES,AMZN,STK,SMART/ARCA,,,,,,||06/13/2016|
DES,CXO,STK,SMART/ARCA,,,,,,||06/13/2016|
DES,FCX,STK,SMART/ARCA,,,,,,||06/13/2016|
DES,FSLR,STK,SMART/ARCA,,,,,,||06/13/2016|
DES,NFLX,STK,SMART/ARCA,,,,,,||06/13/2016|
DES,NTAP,STK,SMART/ARCA,,,,,,||06/13/2016|
DES,QQQ,STK,SMART/ARCA,,,,,,||06/13/2016|
DES,AAPL,STK,SMART/ARCA,,,,,,||06/14/2016|
DES,AMZN,STK,SMART/ARCA,,,,,,||06/14/2016|
DES,CXO,STK,SMART/ARCA,,,,,,||06/14/2016|
DES,FCX,STK,SMART/ARCA,,,,,,||06/14/2016|
DES,FSLR,STK,SMART/ARCA,,,,,,||06/14/2016|
DES,NFLX,STK,SMART/ARCA,,,,,,||06/14/2016|
DES,NTAP,STK,SMART/ARCA,,,,,,||06/14/2016|
DES,QQQ,STK,SMART/ARCA,,,,,,||06/14/2016|
DES,AAPL,STK,SMART/ARCA,,,,,,||06/15/2016|
DES,AMZN,STK,SMART/ARCA,,,,,,||06/15/2016|
DES,CXO,STK,SMART/ARCA,,,,,,||06/15/2016|
DES,FCX,STK,SMART/ARCA,,,,,,||06/15/2016|
DES,FSLR,STK,SMART/ARCA,,,,,,||06/15/2016|
DES,NFLX,STK,SMART/ARCA,,,,,,||06/15/2016|
DES,NTAP,STK,SMART/ARCA,,,,,,||06/15/2016|
DES,QQQ,STK,SMART/ARCA,,,,,,||06/15/2016|
DES,AAPL,STK,SMART/ARCA,,,,,,||06/16/2016|
DES,AMZN,STK,SMART/ARCA,,,,,,||06/16/2016|
DES,CXO,STK,SMART/ARCA,,,,,,||06/16/2016|
DES,FCX,STK,SMART/ARCA,,,,,,||06/16/2016|
DES,FSLR,STK,SMART/ARCA,,,,,,||06/16/2016|
DES,NFLX,STK,SMART/ARCA,,,,,,||06/16/2016|
DES,NTAP,STK,SMART/ARCA,,,,,,||06/16/2016|
DES,QQQ,STK,SMART/ARCA,,,,,,||06/16/2016|
DES,AAPL,STK,SMART/ARCA,,,,,,||06/17/2016|
DES,AMZN,STK,SMART/ARCA,,,,,,||06/17/2016|
DES,CXO,STK,SMART/ARCA,,,,,,||06/17/2016|
DES,FCX,STK,SMART/ARCA,,,,,,||06/17/2016|
DES,FSLR,STK,SMART/ARCA,,,,,,||06/17/2016|
DES,NFLX,STK,SMART/ARCA,,,,,,||06/17/2016|
DES,NTAP,STK,SMART/ARCA,,,,,,||06/17/2016|
DES,QQQ,STK,SMART/ARCA,,,,,,||06/17/2016|
DES,AAPL,STK,SMART/ARCA,,,,,,||06/20/2016|
DES,AMZN,STK,SMART/ARCA,,,,,,||06/20/2016|
DES,CXO,STK,SMART/ARCA,,,,,,||06/20/2016|
DES,FCX,STK,SMART/ARCA,,,,,,||06/20/2016|
DES,FSLR,STK,SMART/ARCA,,,,,,||06/20/2016|
DES,NFLX,STK,SMART/ARCA,,,,,,||06/20/2016|
DES,NTAP,STK,SMART/ARCA,,,,,,||06/20/2016|
DES,QQQ,STK,SMART/ARCA,,,,,,||06/20/2016|
DES,AAPL,STK,SMART/ARCA,,,,,,||06/21/2016|
DES,AMZN,STK,SMART/ARCA,,,,,,||06/21/2016|
DES,CXO,STK,SMART/ARCA,,,,,,||06/21/2016|
DES,FCX,STK,SMART/ARCA,,,,,,||06/21/2016|
DES,FSLR,STK,SMART/ARCA,,,,,,||06/21/2016|
DES,NFLX,STK,SMART/ARCA,,,,,,||06/21/2016|
DES,NTAP,STK,SMART/ARCA,,,,,,||06/21/2016|
DES,QQQ,STK,SMART/ARCA,,,,,,||06/21/2016|
DES,AAPL,STK,SMART/ARCA,,,,,,||06/22/2016|
DES,AMZN,STK,SMART/ARCA,,,,,,||06/22/2016|
DES,CXO,STK,SMART/ARCA,,,,,,||06/22/2016|
DES,FCX,STK,SMART/ARCA,,,,,,||06/22/2016|
DES,FSLR,STK,SMART/ARCA,,,,,,||06/22/2016|
DES,NFLX,STK,SMART/ARCA,,,,,,||06/22/2016|
DES,NTAP,STK,SMART/ARCA,,,,,,||06/22/2016|
DES,QQQ,STK,SMART/ARCA,,,,,,||06/22/2016|
DES,AAPL,STK,SMART/ARCA,,,,,,||06/23/2016|
DES,AMZN,STK,SMART/ARCA,,,,,,||06/23/2016|
DES,CXO,STK,SMART/ARCA,,,,,,||06/23/2016|
DES,FCX,STK,SMART/ARCA,,,,,,||06/23/2016|
DES,FSLR,STK,SMART/ARCA,,,,,,||06/23/2016|
DES,NFLX,STK,SMART/ARCA,,,,,,||06/23/2016|
DES,NTAP,STK,SMART/ARCA,,,,,,||06/23/2016|
DES,QQQ,STK,SMART/ARCA,,,,,,||06/23/2016|
DES,AAPL,STK,SMART/ARCA,,,,,,||06/24/2016|
DES,AMZN,STK,SMART/ARCA,,,,,,||06/24/2016|
DES,CXO,STK,SMART/ARCA,,,,,,||06/24/2016|
DES,FCX,STK,SMART/ARCA,,,,,,||06/24/2016|
DES,FSLR,STK,SMART/ARCA,,,,,,||06/24/2016|
DES,NFLX,STK,SMART/ARCA,,,,,,||06/24/2016|
DES,NTAP,STK,SMART/ARCA,,,,,,||06/24/2016|
DES,QQQ,STK,SMART/ARCA,,,,,,||06/24/2016|
DES,AAPL,STK,SMART/ARCA,,,,,,||06/27/2016|
DES,AMZN,STK,SMART/ARCA,,,,,,||06/27/2016|
DES,CXO,STK,SMART/ARCA,,,,,,||06/27/2016|
DES,FCX,STK,SMART/ARCA,,,,,,||06/27/2016|
DES,FSLR,STK,SMART/ARCA,,,,,,||06/27/2016|
DES,NFLX,STK,SMART/ARCA,,,,,,||06/27/2016|
DES,NTAP,STK,SMART/ARCA,,,,,,||06/27/2016|
DES,QQQ,STK,SMART/ARCA,,,,,,||06/27/2016|
DES,AAPL,STK,SMART/ARCA,,,,,,||06/28/2016|
DES,AMZN,STK,SMART/ARCA,,,,,,||06/28/2016|
DES,CXO,STK,SMART/ARCA,,,,,,||06/28/2016|
DES,FCX,STK,SMART/ARCA,,,,,,||06/28/2016|
DES,FSLR,STK,SMART/ARCA,,,,,,||06/28/2016|
DES,NFLX,STK,SMART/ARCA,,,,,,||06/28/2016|
DES,NTAP,STK,SMART/ARCA,,,,,,||06/28/2016|
DES,QQQ,STK,SMART/ARCA,,,,,,||06/28/2016|
DES,AAPL,STK,SMART/ARCA,,,,,,||06/29/2016|
DES,AMZN,STK,SMART/ARCA,,,,,,||06/29/2016|
DES,CXO,STK,SMART/ARCA,,,,,,||06/29/2016|
DES,FCX,STK,SMART/ARCA,,,,,,||06/29/2016|
DES,FSLR,STK,SMART/ARCA,,,,,,||06/29/2016|
DES,NFLX,STK,SMART/ARCA,,,,,,||06/29/2016|
DES,NTAP,STK,SMART/ARCA,,,,,,||06/29/2016|
DES,QQQ,STK,SMART/ARCA,,,,,,||06/29/2016|
DES,AAPL,STK,SMART/ARCA,,,,,,||06/30/2016|
DES,AMZN,STK,SMART/ARCA,,,,,,||06/30/2016|
DES,CXO,STK,SMART/ARCA,,,,,,||06/30/2016|
DES,FCX,STK,SMART/ARCA,,,,,,||06/30/2016|
DES,FSLR,STK,SMART/ARCA,,,,,,||06/30/2016|
DES,NFLX,STK,SMART/ARCA,,,,,,||06/30/2016|
DES,NTAP,STK,SMART/ARCA,,,,,,||06/30/2016|
DES,QQQ,STK,SMART/ARCA,,,,,,||06/30/2016|
DES,AAPL,STK,SMART/ARCA,,,,,,||07/01/2016|
DES,AMZN,STK,SMART/ARCA,,,,,,||07/01/2016|
DES,CXO,STK,SMART/ARCA,,,,,,||07/01/2016|
DES,FCX,STK,SMART/ARCA,,,,,,||07/01/2016|
DES,FSLR,STK,SMART/ARCA,,,,,,||07/01/2016|
DES,NFLX,STK,SMART/ARCA,,,,,,||07/01/2016|
DES,NTAP,STK,SMART/ARCA,,,,,,||07/01/2016|
DES,QQQ,STK,SMART/ARCA,,,,,,||07/01/2016|
DES,AAPL,STK,SMART/ARCA,,,,,,||07/04/2016|
DES,AMZN,STK,SMART/ARCA,,,,,,||07/04/2016|
DES,CXO,STK,SMART/ARCA,,,,,,||07/04/2016|
DES,FCX,STK,SMART/ARCA,,,,,,||07/04/2016|
DES,FSLR,STK,SMART/ARCA,,,,,,||07/04/2016|
DES,NFLX,STK,SMART/ARCA,,,,,,||07/04/2016|
DES,NTAP,STK,SMART/ARCA,,,,,,||07/04/2016|
DES,QQQ,STK,SMART/ARCA,,,,,,||07/04/2016|
DES,AAPL,STK,SMART/ARCA,,,,,,||07/05/2016|
DES,AMZN,STK,SMART/ARCA,,,,,,||07/05/2016|
DES,CXO,STK,SMART/ARCA,,,,,,||07/05/2016|
DES,FCX,STK,SMART/ARCA,,,,,,||07/05/2016|
DES,FSLR,STK,SMART/ARCA,,,,,,||07/05/2016|
DES,NFLX,STK,SMART/ARCA,,,,,,||07/05/2016|
DES,NTAP,STK,SMART/ARCA,,,,,,||07/05/2016|
DES,QQQ,STK,SMART/ARCA,,,,,,||07/05/2016|
DES,AAPL,STK,SMART/ARCA,,,,,,||07/06/2016|
DES,AMZN,STK,SMART/ARCA,,,,,,||07/06/2016|
DES,CXO,STK,SMART/ARCA,,,,,,||07/06/2016|
DES,FCX,STK,SMART/ARCA,,,,,,||07/06/2016|
DES,FSLR,STK,SMART/ARCA,,,,,,||07/06/2016|
DES,NFLX,STK,SMART/ARCA,,,,,,||07/06/2016|
DES,NTAP,STK,SMART/ARCA,,,,,,||07/06/2016|
DES,QQQ,STK,SMART/ARCA,,,,,,||07/06/2016|
DES,AAPL,STK,SMART/ARCA,,,,,,||07/07/2016|
DES,AMZN,STK,SMART/ARCA,,,,,,||07/07/2016|
DES,CXO,STK,SMART/ARCA,,,,,,||07/07/2016|
DES,FCX,STK,SMART/ARCA,,,,,,||07/07/2016|
DES,FSLR,STK,SMART/ARCA,,,,,,||07/07/2016|
DES,NFLX,STK,SMART/ARCA,,,,,,||07/07/2016|
DES,NTAP,STK,SMART/ARCA,,,,,,||07/07/2016|
DES,QQQ,STK,SMART/ARCA,,,,,,||07/07/2016|
DES,AAPL,STK,SMART/ARCA,,,,,,||07/08/2016|
DES,AMZN,STK,SMART/ARCA,,,,,,||07/08/2016|
DES,CXO,STK,SMART/ARCA,,,,,,||07/08/2016|
DES,FCX,STK,SMART/ARCA,,,,,,||07/08/2016|
DES,FSLR,STK,SMART/ARCA,,,,,,||07/08/2016|
DES,NFLX,STK,SMART/ARCA,,,,,,||07/08/2016|
DES,NTAP,STK,SMART/ARCA,,,,,,||07/08/2016|
DES,QQQ,STK,SMART/ARCA,,,,,,||07/08/2016|
DES,AAPL,STK,SMART/ARCA,,,,,,||07/11/2016|
DES,AMZN,STK,SMART/ARCA,,,,,,||07/11/2016|
DES,CXO,STK,SMART/ARCA,,,,,,||07/11/2016|
DES,FCX,STK,SMART/ARCA,,,,,,||07/11/2016|
DES,FSLR,STK,SMART/ARCA,,,,,,||07/11/2016|
DES,NFLX,STK,SMART/ARCA,,,,,,||07/11/2016|
DES,NTAP,STK,SMART/ARCA,,,,,,||07/11/2016|
DES,QQQ,STK,SMART/ARCA,,,,,,||07/11/2016|
DES,AAPL,STK,SMART/ARCA,,,,,,||07/12/2016|
DES,AMZN,STK,SMART/ARCA,,,,,,||07/12/2016|
DES,CXO,STK,SMART/ARCA,,,,,,||07/12/2016|
DES,FCX,STK,SMART/ARCA,,,,,,||07/12/2016|
DES,FSLR,STK,SMART/ARCA,,,,,,||07/12/2016|
DES,NFLX,STK,SMART/ARCA,,,,,,||07/12/2016|
DES,NTAP,STK,SMART/ARCA,,,,,,||07/12/2016|
DES,QQQ,STK,SMART/ARCA,,,,,,||07/12/2016|
DES,AAPL,STK,SMART/ARCA,,,,,,||07/13/2016|
DES,AMZN,STK,SMART/ARCA,,,,,,||07/13/2016|
DES,CXO,STK,SMART/ARCA,,,,,,||07/13/2016|
DES,FCX,STK,SMART/ARCA,,,,,,||07/13/2016|
DES,FSLR,STK,SMART/ARCA,,,,,,||07/13/2016|
DES,NFLX,STK,SMART/ARCA,,,,,,||07/13/2016|
DES,NTAP,STK,SMART/ARCA,,,,,,||07/13/2016|
DES,QQQ,STK,SMART/ARCA,,,,,,||07/13/2016|
DES,AAPL,STK,SMART/ARCA,,,,,,||07/14/2016|
DES,AMZN,STK,SMART/ARCA,,,,,,||07/14/2016|
DES,CXO,STK,SMART/ARCA,,,,,,||07/14/2016|
DES,FCX,STK,SMART/ARCA,,,,,,||07/14/2016|
DES,FSLR,STK,SMART/ARCA,,,,,,||07/14/2016|
DES,NFLX,STK,SMART/ARCA,,,,,,||07/14/2016|
DES,NTAP,STK,SMART/ARCA,,,,,,||07/14/2016|
DES,QQQ,STK,SMART/ARCA,,,,,,||07/14/2016|
DES,AAPL,STK,SMART/ARCA,,,,,,||07/15/2016|
DES,AMZN,STK,SMART/ARCA,,,,,,||07/15/2016|
DES,CXO,STK,SMART/ARCA,,,,,,||07/15/2016|
DES,FCX,STK,SMART/ARCA,,,,,,||07/15/2016|
DES,FSLR,STK,SMART/ARCA,,,,,,||07/15/2016|
DES,NFLX,STK,SMART/ARCA,,,,,,||07/15/2016|
DES,NTAP,STK,SMART/ARCA,,,,,,||07/15/2016|
DES,QQQ,STK,SMART/ARCA,,,,,,||07/15/2016|
DES,AAPL,STK,SMART/ARCA,,,,,,||07/18/2016|
DES,AMZN,STK,SMART/ARCA,,,,,,||07/18/2016|
DES,CXO,STK,SMART/ARCA,,,,,,||07/18/2016|
DES,FCX,STK,SMART/ARCA,,,,,,||07/18/2016|
DES,FSLR,STK,SMART/ARCA,,,,,,||07/18/2016|
DES,NFLX,STK,SMART/ARCA,,,,,,||07/18/2016|
DES,NTAP,STK,SMART/ARCA,,,,,,||07/18/2016|
DES,QQQ,STK,SMART/ARCA,,,,,,||07/18/2016|
DES,AAPL,STK,SMART/ARCA,,,,,,||07/19/2016|
DES,AMZN,STK,SMART/ARCA,,,,,,||07/19/2016|
DES,CXO,STK,SMART/ARCA,,,,,,||07/19/2016|
DES,FCX,STK,SMART/ARCA,,,,,,||07/19/2016|
DES,FSLR,STK,SMART/ARCA,,,,,,||07/19/2016|
DES,NFLX,STK,SMART/ARCA,,,,,,||07/19/2016|
DES,NTAP,STK,SMART/ARCA,,,,,,||07/19/2016|
DES,QQQ,STK,SMART/ARCA,,,,,,||07/19/2016|
DES,AAPL,STK,SMART/ARCA,,,,,,||07/20/2016|
DES,AMZN,STK,SMART/ARCA,,,,,,||07/20/2016|
DES,CXO,STK,SMART/ARCA,,,,,,||07/20/2016|
DES,FCX,STK,SMART/ARCA,,,,,,||07/20/2016|
DES,FSLR,STK,SMART/ARCA,,,,,,||07/20/2016|
DES,NFLX,STK,SMART/ARCA,,,,,,||07/20/2016|
DES,NTAP,STK,SMART/ARCA,,,,,,||07/20/2016|
DES,QQQ,STK,SMART/ARCA,,,,,,||07/20/2016|
DES,AAPL,STK,SMART/ARCA,,,,,,||07/21/2016|
DES,AMZN,STK,SMART/ARCA,,,,,,||07/21/2016|
DES,CXO,STK,SMART/ARCA,,,,,,||07/21/2016|
DES,FCX,STK,SMART/ARCA,,,,,,||07/21/2016|
DES,FSLR,STK,SMART/ARCA,,,,,,||07/21/2016|
DES,NFLX,STK,SMART/ARCA,,,,,,||07/21/2016|
DES,NTAP,STK,SMART/ARCA,,,,,,||07/21/2016|
DES,QQQ,STK,SMART/ARCA,,,,,,||07/21/2016|
DES,AAPL,STK,SMART/ARCA,,,,,,||07/22/2016|
DES,AMZN,STK,SMART/ARCA,,,,,,||07/22/2016|
DES,CXO,STK,SMART/ARCA,,,,,,||07/22/2016|
DES,FCX,STK,SMART/ARCA,,,,,,||07/22/2016|
DES,FSLR,STK,SMART/ARCA,,,,,,||07/22/2016|
DES,NFLX,STK,SMART/ARCA,,,,,,||07/22/2016|
DES,NTAP,STK,SMART/ARCA,,,,,,||07/22/2016|
DES,QQQ,STK,SMART/ARCA,,,,,,||07/22/2016|
DES,AAPL,STK,SMART/ARCA,,,,,,||07/25/2016|
DES,AMZN,STK,SMART/ARCA,,,,,,||07/25/2016|
DES,CXO,STK,SMART/ARCA,,,,,,||07/25/2016|
DES,FCX,STK,SMART/ARCA,,,,,,||07/25/2016|
DES,FSLR,STK,SMART/ARCA,,,,,,||07/25/2016|
DES,NFLX,STK,SMART/ARCA,,,,,,||07/25/2016|
DES,NTAP,STK,SMART/ARCA,,,,,,||07/25/2016|
DES,QQQ,STK,SMART/ARCA,,,,,,||07/25/2016|
DES,AAPL,STK,SMART/ARCA,,,,,,||07/26/2016|
DES,AMZN,STK,SMART/ARCA,,,,,,||07/26/2016|
DES,CXO,STK,SMART/ARCA,,,,,,||07/26/2016|
DES,FCX,STK,SMART/ARCA,,,,,,||07/26/2016|
DES,FSLR,STK,SMART/ARCA,,,,,,||07/26/2016|
DES,NFLX,STK,SMART/ARCA,,,,,,||07/26/2016|
DES,NTAP,STK,SMART/ARCA,,,,,,||07/26/2016|
DES,QQQ,STK,SMART/ARCA,,,,,,||07/26/2016|
DES,AAPL,STK,SMART/ARCA,,,,,,||07/27/2016|
DES,AMZN,STK,SMART/ARCA,,,,,,||07/27/2016|
DES,CXO,STK,SMART/ARCA,,,,,,||07/27/2016|
DES,FCX,STK,SMART/ARCA,,,,,,||07/27/2016|
DES,FSLR,STK,SMART/ARCA,,,,,,||07/27/2016|
DES,NFLX,STK,SMART/ARCA,,,,,,||07/27/2016|
DES,NTAP,STK,SMART/ARCA,,,,,,||07/27/2016|
DES,QQQ,STK,SMART/ARCA,,,,,,||07/27/2016|
DES,AAPL,STK,SMART/ARCA,,,,,,||07/28/2016|
DES,AMZN,STK,SMART/ARCA,,,,,,||07/28/2016|
DES,CXO,STK,SMART/ARCA,,,,,,||07/28/2016|
DES,FCX,STK,SMART/ARCA,,,,,,||07/28/2016|
DES,FSLR,STK,SMART/ARCA,,,,,,||07/28/2016|
DES,NFLX,STK,SMART/ARCA,,,,,,||07/28/2016|
DES,NTAP,STK,SMART/ARCA,,,,,,||07/28/2016|
DES,QQQ,STK,SMART/ARCA,,,,,,||07/28/2016|
DES,AAPL,STK,SMART/ARCA,,,,,,||07/29/2016|
DES,AMZN,STK,SMART/ARCA,,,,,,||07/29/2016|
DES,CXO,STK,SMART/ARCA,,,,,,||07/29/2016|
DES,FCX,STK,SMART/ARCA,,,,,,||07/29/2016|
DES,FSLR,STK,SMART/ARCA,,,,,,||07/29/2016|
DES,NFLX,STK,SMART/ARCA,,,,,,||07/29/2016|
DES,NTAP,STK,SMART/ARCA,,,,,,||07/29/2016|
DES,QQQ,STK,SMART/ARCA,,,,,,||07/29/2016|
DES,AAPL,STK,SMART/ARCA,,,,,,||08/01/2016|
DES,AMZN,STK,SMART/ARCA,,,,,,||08/01/2016|
DES,CXO,STK,SMART/ARCA,,,,,,||08/01/2016|
DES,FCX,STK,SMART/ARCA,,,,,,||08/01/2016|
DES,FSLR,STK,SMART/ARCA,,,,,,||08/01/2016|
DES,NFLX,STK,SMART/ARCA,,,,,,||08/01/2016|
DES,NTAP,STK,SMART/ARCA,,,,,,||08/01/2016|
DES,QQQ,STK,SMART/ARCA,,,,,,||08/01/2016|
DES,AAPL,STK,SMART/ARCA,,,,,,||08/02/2016|
DES,AMZN,STK,SMART/ARCA,,,,,,||08/02/2016|
DES,CXO,STK,SMART/ARCA,,,,,,||08/02/2016|
DES,FCX,STK,SMART/ARCA,,,,,,||08/02/2016|
DES,FSLR,STK,SMART/ARCA,,,,,,||08/02/2016|
DES,NFLX,STK,SMART/ARCA,,,,,,||08/02/2016|
DES,NTAP,STK,SMART/ARCA,,,,,,||08/02/2016|
DES,QQQ,STK,SMART/ARCA,,,,,,||08/02/2016|
DES,AAPL,STK,SMART/ARCA,,,,,,||08/03/2016|
DES,AMZN,STK,SMART/ARCA,,,,,,||08/03/2016|
DES,CXO,STK,SMART/ARCA,,,,,,||08/03/2016|
DES,FCX,STK,SMART/ARCA,,,,,,||08/03/2016|
DES,FSLR,STK,SMART/ARCA,,,,,,||08/03/2016|
DES,NFLX,STK,SMART/ARCA,,,,,,||08/03/2016|
DES,NTAP,STK,SMART/ARCA,,,,,,||08/03/2016|
DES,QQQ,STK,SMART/ARCA,,,,,,||08/03/2016|
DES,AAPL,STK,SMART/ARCA,,,,,,||08/04/2016|
DES,AMZN,STK,SMART/ARCA,,,,,,||08/04/2016|
DES,CXO,STK,SMART/ARCA,,,,,,||08/04/2016|
DES,FCX,STK,SMART/ARCA,,,,,,||08/04/2016|
DES,FSLR,STK,SMART/ARCA,,,,,,||08/04/2016|
DES,NFLX,STK,SMART/ARCA,,,,,,||08/04/2016|
DES,NTAP,STK,SMART/ARCA,,,,,,||08/04/2016|
DES,QQQ,STK,SMART/ARCA,,,,,,||08/04/2016|
DES,AAPL,STK,SMART/ARCA,,,,,,||08/05/2016|
DES,AMZN,STK,SMART/ARCA,,,,,,||08/05/2016|
DES,CXO,STK,SMART/ARCA,,,,,,||08/05/2016|
DES,FCX,STK,SMART/ARCA,,,,,,||08/05/2016|
DES,FSLR,STK,SMART/ARCA,,,,,,||08/05/2016|
DES,NFLX,STK,SMART/ARCA,,,,,,||08/05/2016|
DES,NTAP,STK,SMART/ARCA,,,,,,||08/05/2016|
DES,QQQ,STK,SMART/ARCA,,,,,,||08/05/2016|
DES,AAPL,STK,SMART/ARCA,,,,,,||08/08/2016|
DES,AMZN,STK,SMART/ARCA,,,,,,||08/08/2016|
DES,CXO,STK,SMART/ARCA,,,,,,||08/08/2016|
DES,FCX,STK,SMART/ARCA,,,,,,||08/08/2016|
DES,FSLR,STK,SMART/ARCA,,,,,,||08/08/2016|
DES,NFLX,STK,SMART/ARCA,,,,,,||08/08/2016|
DES,NTAP,STK,SMART/ARCA,,,,,,||08/08/2016|
DES,QQQ,STK,SMART/ARCA,,,,,,||08/08/2016|
DES,AAPL,STK,SMART/ARCA,,,,,,||08/09/2016|
DES,AMZN,STK,SMART/ARCA,,,,,,||08/09/2016|
DES,CXO,STK,SMART/ARCA,,,,,,||08/09/2016|
DES,FCX,STK,SMART/ARCA,,,,,,||08/09/2016|
DES,FSLR,STK,SMART/ARCA,,,,,,||08/09/2016|
DES,NFLX,STK,SMART/ARCA,,,,,,||08/09/2016|
DES,NTAP,STK,SMART/ARCA,,,,,,||08/09/2016|
DES,QQQ,STK,SMART/ARCA,,,,,,||08/09/2016|
DES,AAPL,STK,SMART/ARCA,,,,,,||08/10/2016|
DES,AMZN,STK,SMART/ARCA,,,,,,||08/10/2016|
DES,CXO,STK,SMART/ARCA,,,,,,||08/10/2016|
DES,FCX,STK,SMART/ARCA,,,,,,||08/10/2016|
DES,FSLR,STK,SMART/ARCA,,,,,,||08/10/2016|
DES,NFLX,STK,SMART/ARCA,,,,,,||08/10/2016|
DES,NTAP,STK,SMART/ARCA,,,,,,||08/10/2016|
DES,QQQ,STK,SMART/ARCA,,,,,,||08/10/2016|
DES,AAPL,STK,SMART/ARCA,,,,,,||08/11/2016|
DES,AMZN,STK,SMART/ARCA,,,,,,||08/11/2016|
DES,CXO,STK,SMART/ARCA,,,,,,||08/11/2016|
DES,FCX,STK,SMART/ARCA,,,,,,||08/11/2016|
DES,FSLR,STK,SMART/ARCA,,,,,,||08/11/2016|
DES,NFLX,STK,SMART/ARCA,,,,,,||08/11/2016|
DES,NTAP,STK,SMART/ARCA,,,,,,||08/11/2016|
DES,QQQ,STK,SMART/ARCA,,,,,,||08/11/2016|
DES,AAPL,STK,SMART/ARCA,,,,,,||08/12/2016|
DES,AMZN,STK,SMART/ARCA,,,,,,||08/12/2016|
DES,CXO,STK,SMART/ARCA,,,,,,||08/12/2016|
DES,FCX,STK,SMART/ARCA,,,,,,||08/12/2016|
DES,FSLR,STK,SMART/ARCA,,,,,,||08/12/2016|
DES,NFLX,STK,SMART/ARCA,,,,,,||08/12/2016|
DES,NTAP,STK,SMART/ARCA,,,,,,||08/12/2016|
DES,QQQ,STK,SMART/ARCA,,,,,,||08/12/2016|
DES,AAPL,STK,SMART/ARCA,,,,,,||08/15/2016|
DES,AMZN,STK,SMART/ARCA,,,,,,||08/15/2016|
DES,CXO,STK,SMART/ARCA,,,,,,||08/15/2016|
DES,FCX,STK,SMART/ARCA,,,,,,||08/15/2016|
DES,FSLR,STK,SMART/ARCA,,,,,,||08/15/2016|
DES,NFLX,STK,SMART/ARCA,,,,,,||08/15/2016|
DES,NTAP,STK,SMART/ARCA,,,,,,||08/15/2016|
DES,QQQ,STK,SMART/ARCA,,,,,,||08/15/2016|
DES,AAPL,STK,SMART/ARCA,,,,,,||08/16/2016|
DES,AMZN,STK,SMART/ARCA,,,,,,||08/16/2016|
DES,CXO,STK,SMART/ARCA,,,,,,||08/16/2016|
DES,FCX,STK,SMART/ARCA,,,,,,||08/16/2016|
DES,FSLR,STK,SMART/ARCA,,,,,,||08/16/2016|
DES,NFLX,STK,SMART/ARCA,,,,,,||08/16/2016|
DES,NTAP,STK,SMART/ARCA,,,,,,||08/16/2016|
DES,QQQ,STK,SMART/ARCA,,,,,,||08/16/2016|
DES,AAPL,STK,SMART/ARCA,,,,,,||08/17/2016|
DES,AMZN,STK,SMART/ARCA,,,,,,||08/17/2016|
DES,CXO,STK,SMART/ARCA,,,,,,||08/17/2016|
DES,FCX,STK,SMART/ARCA,,,,,,||08/17/2016|
DES,FSLR,STK,SMART/ARCA,,,,,,||08/17/2016|
DES,NFLX,STK,SMART/ARCA,,,,,,||08/17/2016|
DES,NTAP,STK,SMART/ARCA,,,,,,||08/17/2016|
DES,QQQ,STK,SMART/ARCA,,,,,,||08/17/2016|
DES,AAPL,STK,SMART/ARCA,,,,,,||08/18/2016|
DES,AMZN,STK,SMART/ARCA,,,,,,||08/18/2016|
DES,CXO,STK,SMART/ARCA,,,,,,||08/18/2016|
DES,FCX,STK,SMART/ARCA,,,,,,||08/18/2016|
DES,FSLR,STK,SMART/ARCA,,,,,,||08/18/2016|
DES,NFLX,STK,SMART/ARCA,,,,,,||08/18/2016|
DES,NTAP,STK,SMART/ARCA,,,,,,||08/18/2016|
DES,QQQ,STK,SMART/ARCA,,,,,,||08/18/2016|
DES,AAPL,STK,SMART/ARCA,,,,,,||08/19/2016|
DES,AMZN,STK,SMART/ARCA,,,,,,||08/19/2016|
DES,CXO,STK,SMART/ARCA,,,,,,||08/19/2016|
DES,FCX,STK,SMART/ARCA,,,,,,||08/19/2016|
DES,FSLR,STK,SMART/ARCA,,,,,,||08/19/2016|
DES,NFLX,STK,SMART/ARCA,,,,,,||08/19/2016|
DES,NTAP,STK,SMART/ARCA,,,,,,||08/19/2016|
DES,QQQ,STK,SMART/ARCA,,,,,,||08/19/2016|
DES,AAPL,STK,SMART/ARCA,,,,,,||08/22/2016|
DES,AMZN,STK,SMART/ARCA,,,,,,||08/22/2016|
DES,CXO,STK,SMART/ARCA,,,,,,||08/22/2016|
DES,FCX,STK,SMART/ARCA,,,,,,||08/22/2016|
DES,FSLR,STK,SMART/ARCA,,,,,,||08/22/2016|
DES,NFLX,STK,SMART/ARCA,,,,,,||08/22/2016|
DES,NTAP,STK,SMART/ARCA,,,,,,||08/22/2016|
DES,QQQ,STK,SMART/ARCA,,,,,,||08/22/2016|
DES,AAPL,STK,SMART/ARCA,,,,,,||08/23/2016|
DES,AMZN,STK,SMART/ARCA,,,,,,||08/23/2016|
DES,CXO,STK,SMART/ARCA,,,,,,||08/23/2016|
DES,FCX,STK,SMART/ARCA,,,,,,||08/23/2016|
DES,FSLR,STK,SMART/ARCA,,,,,,||08/23/2016|
DES,NFLX,STK,SMART/ARCA,,,,,,||08/23/2016|
DES,NTAP,STK,SMART/ARCA,,,,,,||08/23/2016|
DES,QQQ,STK,SMART/ARCA,,,,,,||08/23/2016|
DES,AAPL,STK,SMART/ARCA,,,,,,||08/24/2016|
DES,AMZN,STK,SMART/ARCA,,,,,,||08/24/2016|
DES,CXO,STK,SMART/ARCA,,,,,,||08/24/2016|
DES,FCX,STK,SMART/ARCA,,,,,,||08/24/2016|
DES,FSLR,STK,SMART/ARCA,,,,,,||08/24/2016|
DES,NFLX,STK,SMART/ARCA,,,,,,||08/24/2016|
DES,NTAP,STK,SMART/ARCA,,,,,,||08/24/2016|
DES,QQQ,STK,SMART/ARCA,,,,,,||08/24/2016|
DES,AAPL,STK,SMART/ARCA,,,,,,||08/25/2016|
DES,AMZN,STK,SMART/ARCA,,,,,,||08/25/2016|
DES,CXO,STK,SMART/ARCA,,,,,,||08/25/2016|
DES,FCX,STK,SMART/ARCA,,,,,,||08/25/2016|
DES,FSLR,STK,SMART/ARCA,,,,,,||08/25/2016|
DES,NFLX,STK,SMART/ARCA,,,,,,||08/25/2016|
DES,NTAP,STK,SMART/ARCA,,,,,,||08/25/2016|
DES,QQQ,STK,SMART/ARCA,,,,,,||08/25/2016|
DES,AAPL,STK,SMART/ARCA,,,,,,||08/26/2016|
DES,AMZN,STK,SMART/ARCA,,,,,,||08/26/2016|
DES,CXO,STK,SMART/ARCA,,,,,,||08/26/2016|
DES,FCX,STK,SMART/ARCA,,,,,,||08/26/2016|
DES,FSLR,STK,SMART/ARCA,,,,,,||08/26/2016|
DES,NFLX,STK,SMART/ARCA,,,,,,||08/26/2016|
DES,NTAP,STK,SMART/ARCA,,,,,,||08/26/2016|
DES,QQQ,STK,SMART/ARCA,,,,,,||08/26/2016|
DES,AAPL,STK,SMART/ARCA,,,,,,||08/29/2016|
DES,AMZN,STK,SMART/ARCA,,,,,,||08/29/2016|
DES,CXO,STK,SMART/ARCA,,,,,,||08/29/2016|
DES,FCX,STK,SMART/ARCA,,,,,,||08/29/2016|
DES,FSLR,STK,SMART/ARCA,,,,,,||08/29/2016|
DES,NFLX,STK,SMART/ARCA,,,,,,||08/29/2016|
DES,NTAP,STK,SMART/ARCA,,,,,,||08/29/2016|
DES,QQQ,STK,SMART/ARCA,,,,,,||08/29/2016|
DES,AAPL,STK,SMART/ARCA,,,,,,||08/30/2016|
DES,AMZN,STK,SMART/ARCA,,,,,,||08/30/2016|
DES,CXO,STK,SMART/ARCA,,,,,,||08/30/2016|
DES,FCX,STK,SMART/ARCA,,,,,,||08/30/2016|
DES,FSLR,STK,SMART/ARCA,,,,,,||08/30/2016|
DES,NFLX,STK,SMART/ARCA,,,,,,||08/30/2016|
DES,NTAP,STK,SMART/ARCA,,,,,,||08/30/2016|
DES,QQQ,STK,SMART/ARCA,,,,,,||08/30/2016|
DES,AAPL,STK,SMART/ARCA,,,,,,||08/31/2016|
DES,AMZN,STK,SMART/ARCA,,,,,,||08/31/2016|
DES,CXO,STK,SMART/ARCA,,,,,,||08/31/2016|
DES,FCX,STK,SMART/ARCA,,,,,,||08/31/2016|
DES,FSLR,STK,SMART/ARCA,,,,,,||08/31/2016|
DES,NFLX,STK,SMART/ARCA,,,,,,||08/31/2016|
DES,NTAP,STK,SMART/ARCA,,,,,,||08/31/2016|
DES,QQQ,STK,SMART/ARCA,,,,,,||08/31/2016|
DES,AAPL,STK,SMART/ARCA,,,,,,||09/01/2016|
DES,AMZN,STK,SMART/ARCA,,,,,,||09/01/2016|
DES,CXO,STK,SMART/ARCA,,,,,,||09/01/2016|
DES,FCX,STK,SMART/ARCA,,,,,,||09/01/2016|
DES,FSLR,STK,SMART/ARCA,,,,,,||09/01/2016|
DES,NFLX,STK,SMART/ARCA,,,,,,||09/01/2016|
DES,NTAP,STK,SMART/ARCA,,,,,,||09/01/2016|
DES,QQQ,STK,SMART/ARCA,,,,,,||09/01/2016|
DES,AAPL,STK,SMART/ARCA,,,,,,||09/02/2016|
DES,AMZN,STK,SMART/ARCA,,,,,,||09/02/2016|
DES,CXO,STK,SMART/ARCA,,,,,,||09/02/2016|
DES,FCX,STK,SMART/ARCA,,,,,,||09/02/2016|
DES,FSLR,STK,SMART/ARCA,,,,,,||09/02/2016|
DES,NFLX,STK,SMART/ARCA,,,,,,||09/02/2016|
DES,NTAP,STK,SMART/ARCA,,,,,,||09/02/2016|
DES,QQQ,STK,SMART/ARCA,,,,,,||09/02/2016|
DES,AAPL,STK,SMART/ARCA,,,,,,||09/05/2016|
DES,AMZN,STK,SMART/ARCA,,,,,,||09/05/2016|
DES,CXO,STK,SMART/ARCA,,,,,,||09/05/2016|
DES,FCX,STK,SMART/ARCA,,,,,,||09/05/2016|
DES,FSLR,STK,SMART/ARCA,,,,,,||09/05/2016|
DES,NFLX,STK,SMART/ARCA,,,,,,||09/05/2016|
DES,NTAP,STK,SMART/ARCA,,,,,,||09/05/2016|
DES,QQQ,STK,SMART/ARCA,,,,,,||09/05/2016|
DES,AAPL,STK,SMART/ARCA,,,,,,||09/06/2016|
DES,AMZN,STK,SMART/ARCA,,,,,,||09/06/2016|
DES,CXO,STK,SMART/ARCA,,,,,,||09/06/2016|
DES,FCX,STK,SMART/ARCA,,,,,,||09/06/2016|
DES,FSLR,STK,SMART/ARCA,,,,,,||09/06/2016|
DES,NFLX,STK,SMART/ARCA,,,,,,||09/06/2016|
DES,NTAP,STK,SMART/ARCA,,,,,,||09/06/2016|
DES,QQQ,STK,SMART/ARCA,,,,,,||09/06/2016|
DES,AAPL,STK,SMART/ARCA,,,,,,||09/07/2016|
DES,AMZN,STK,SMART/ARCA,,,,,,||09/07/2016|
DES,CXO,STK,SMART/ARCA,,,,,,||09/07/2016|
DES,FCX,STK,SMART/ARCA,,,,,,||09/07/2016|
DES,FSLR,STK,SMART/ARCA,,,,,,||09/07/2016|
DES,NFLX,STK,SMART/ARCA,,,,,,||09/07/2016|
DES,NTAP,STK,SMART/ARCA,,,,,,||09/07/2016|
DES,QQQ,STK,SMART/ARCA,,,,,,||09/07/2016|
DES,AAPL,STK,SMART/ARCA,,,,,,||09/08/2016|
DES,AMZN,STK,SMART/ARCA,,,,,,||09/08/2016|
DES,CXO,STK,SMART/ARCA,,,,,,||09/08/2016|
DES,FCX,STK,SMART/ARCA,,,,,,||09/08/2016|
DES,FSLR,STK,SMART/ARCA,,,,,,||09/08/2016|
DES,NFLX,STK,SMART/ARCA,,,,,,||09/08/2016|
DES,NTAP,STK,SMART/ARCA,,,,,,||09/08/2016|
DES,QQQ,STK,SMART/ARCA,,,,,,||09/08/2016|
DES,AAPL,STK,SMART/ARCA,,,,,,||09/09/2016|
DES,AMZN,STK,SMART/ARCA,,,,,,||09/09/2016|
DES,CXO,STK,SMART/ARCA,,,,,,||09/09/2016|
DES,FCX,STK,SMART/ARCA,,,,,,||09/09/2016|
DES,FSLR,STK,SMART/ARCA,,,,,,||09/09/2016|
DES,NFLX,STK,SMART/ARCA,,,,,,||09/09/2016|
DES,NTAP,STK,SMART/ARCA,,,,,,||09/09/2016|
DES,QQQ,STK,SMART/ARCA,,,,,,||09/09/2016|
DES,AAPL,STK,SMART/ARCA,,,,,,||09/12/2016|
DES,AMZN,STK,SMART/ARCA,,,,,,||09/12/2016|
DES,CXO,STK,SMART/ARCA,,,,,,||09/12/2016|
DES,FCX,STK,SMART/ARCA,,,,,,||09/12/2016|
DES,FSLR,STK,SMART/ARCA,,,,,,||09/12/2016|
DES,NFLX,STK,SMART/ARCA,,,,,,||09/12/2016|
DES,NTAP,STK,SMART/ARCA,,,,,,||09/12/2016|
DES,QQQ,STK,SMART/ARCA,,,,,,||09/12/2016|
DES,AAPL,STK,SMART/ARCA,,,,,,||09/13/2016|
DES,AMZN,STK,SMART/ARCA,,,,,,||09/13/2016|
DES,CXO,STK,SMART/ARCA,,,,,,||09/13/2016|
DES,FCX,STK,SMART/ARCA,,,,,,||09/13/2016|
DES,FSLR,STK,SMART/ARCA,,,,,,||09/13/2016|
DES,NFLX,STK,SMART/ARCA,,,,,,||09/13/2016|
DES,NTAP,STK,SMART/ARCA,,,,,,||09/13/2016|
DES,QQQ,STK,SMART/ARCA,,,,,,||09/13/2016|
DES,AAPL,STK,SMART/ARCA,,,,,,||09/14/2016|
DES,AMZN,STK,SMART/ARCA,,,,,,||09/14/2016|
DES,CXO,STK,SMART/ARCA,,,,,,||09/14/2016|
DES,FCX,STK,SMART/ARCA,,,,,,||09/14/2016|
DES,FSLR,STK,SMART/ARCA,,,,,,||09/14/2016|
DES,NFLX,STK,SMART/ARCA,,,,,,||09/14/2016|
DES,NTAP,STK,SMART/ARCA,,,,,,||09/14/2016|
DES,QQQ,STK,SMART/ARCA,,,,,,||09/14/2016|
DES,AAPL,STK,SMART/ARCA,,,,,,||09/15/2016|
DES,AMZN,STK,SMART/ARCA,,,,,,||09/15/2016|
DES,CXO,STK,SMART/ARCA,,,,,,||09/15/2016|
DES,FCX,STK,SMART/ARCA,,,,,,||09/15/2016|
DES,FSLR,STK,SMART/ARCA,,,,,,||09/15/2016|
DES,NFLX,STK,SMART/ARCA,,,,,,||09/15/2016|
DES,NTAP,STK,SMART/ARCA,,,,,,||09/15/2016|
DES,QQQ,STK,SMART/ARCA,,,,,,||09/15/2016|
DES,AAPL,STK,SMART/ARCA,,,,,,||09/16/2016|
DES,AMZN,STK,SMART/ARCA,,,,,,||09/16/2016|
DES,CXO,STK,SMART/ARCA,,,,,,||09/16/2016|
DES,FCX,STK,SMART/ARCA,,,,,,||09/16/2016|
DES,FSLR,STK,SMART/ARCA,,,,,,||09/16/2016|
DES,NFLX,STK,SMART/ARCA,,,,,,||09/16/2016|
DES,NTAP,STK,SMART/ARCA,,,,,,||09/16/2016|
DES,QQQ,STK,SMART/ARCA,,,,,,||09/16/2016|
DES,AAPL,STK,SMART/ARCA,,,,,,||09/19/2016|
DES,AMZN,STK,SMART/ARCA,,,,,,||09/19/2016|
DES,CXO,STK,SMART/ARCA,,,,,,||09/19/2016|
DES,FCX,STK,SMART/ARCA,,,,,,||09/19/2016|
DES,FSLR,STK,SMART/ARCA,,,,,,||09/19/2016|
DES,NFLX,STK,SMART/ARCA,,,,,,||09/19/2016|
DES,NTAP,STK,SMART/ARCA,,,,,,||09/19/2016|
DES,QQQ,STK,SMART/ARCA,,,,,,||09/19/2016|
DES,AAPL,STK,SMART/ARCA,,,,,,||09/20/2016|
DES,AMZN,STK,SMART/ARCA,,,,,,||09/20/2016|
DES,CXO,STK,SMART/ARCA,,,,,,||09/20/2016|
DES,FCX,STK,SMART/ARCA,,,,,,||09/20/2016|
DES,FSLR,STK,SMART/ARCA,,,,,,||09/20/2016|
DES,NFLX,STK,SMART/ARCA,,,,,,||09/20/2016|
DES,NTAP,STK,SMART/ARCA,,,,,,||09/20/2016|
DES,QQQ,STK,SMART/ARCA,,,,,,||09/20/2016|
DES,AAPL,STK,SMART/ARCA,,,,,,||09/21/2016|
DES,AMZN,STK,SMART/ARCA,,,,,,||09/21/2016|
DES,CXO,STK,SMART/ARCA,,,,,,||09/21/2016|
DES,FCX,STK,SMART/ARCA,,,,,,||09/21/2016|
DES,FSLR,STK,SMART/ARCA,,,,,,||09/21/2016|
DES,NFLX,STK,SMART/ARCA,,,,,,||09/21/2016|
DES,NTAP,STK,SMART/ARCA,,,,,,||09/21/2016|
DES,QQQ,STK,SMART/ARCA,,,,,,||09/21/2016|
DES,AAPL,STK,SMART/ARCA,,,,,,||09/22/2016|
DES,AMZN,STK,SMART/ARCA,,,,,,||09/22/2016|
DES,CXO,STK,SMART/ARCA,,,,,,||09/22/2016|
DES,FCX,STK,SMART/ARCA,,,,,,||09/22/2016|
DES,FSLR,STK,SMART/ARCA,,,,,,||09/22/2016|
DES,NFLX,STK,SMART/ARCA,,,,,,||09/22/2016|
DES,NTAP,STK,SMART/ARCA,,,,,,||09/22/2016|
DES,QQQ,STK,SMART/ARCA,,,,,,||09/22/2016|
DES,AAPL,STK,SMART/ARCA,,,,,,||09/23/2016|
DES,AMZN,STK,SMART/ARCA,,,,,,||09/23/2016|
DES,CXO,STK,SMART/ARCA,,,,,,||09/23/2016|
DES,FCX,STK,SMART/ARCA,,,,,,||09/23/2016|
DES,FSLR,STK,SMART/ARCA,,,,,,||09/23/2016|
DES,NFLX,STK,SMART/ARCA,,,,,,||09/23/2016|
DES,NTAP,STK,SMART/ARCA,,,,,,||09/23/2016|
DES,QQQ,STK,SMART/ARCA,,,,,,||09/23/2016|
DES,AAPL,STK,SMART/ARCA,,,,,,||09/26/2016|
DES,AMZN,STK,SMART/ARCA,,,,,,||09/26/2016|
DES,CXO,STK,SMART/ARCA,,,,,,||09/26/2016|
DES,FCX,STK,SMART/ARCA,,,,,,||09/26/2016|
DES,FSLR,STK,SMART/ARCA,,,,,,||09/26/2016|
DES,NFLX,STK,SMART/ARCA,,,,,,||09/26/2016|
DES,NTAP,STK,SMART/ARCA,,,,,,||09/26/2016|
DES,QQQ,STK,SMART/ARCA,,,,,,||09/26/2016|
DES,AAPL,STK,SMART/ARCA,,,,,,||09/27/2016|
DES,AMZN,STK,SMART/ARCA,,,,,,||09/27/2016|
DES,CXO,STK,SMART/ARCA,,,,,,||09/27/2016|
DES,FCX,STK,SMART/ARCA,,,,,,||09/27/2016|
DES,FSLR,STK,SMART/ARCA,,,,,,||09/27/2016|
DES,NFLX,STK,SMART/ARCA,,,,,,||09/27/2016|
DES,NTAP,STK,SMART/ARCA,,,,,,||09/27/2016|
DES,QQQ,STK,SMART/ARCA,,,,,,||09/27/2016|
DES,AAPL,STK,SMART/ARCA,,,,,,||09/28/2016|
DES,AMZN,STK,SMART/ARCA,,,,,,||09/28/2016|
DES,CXO,STK,SMART/ARCA,,,,,,||09/28/2016|
DES,FCX,STK,SMART/ARCA,,,,,,||09/28/2016|
DES,FSLR,STK,SMART/ARCA,,,,,,||09/28/2016|
DES,NFLX,STK,SMART/ARCA,,,,,,||09/28/2016|
DES,NTAP,STK,SMART/ARCA,,,,,,||09/28/2016|
DES,QQQ,STK,SMART/ARCA,,,,,,||09/28/2016|
DES,AAPL,STK,SMART/ARCA,,,,,,||09/29/2016|
DES,AMZN,STK,SMART/ARCA,,,,,,||09/29/2016|
DES,CXO,STK,SMART/ARCA,,,,,,||09/29/2016|
DES,FCX,STK,SMART/ARCA,,,,,,||09/29/2016|
DES,FSLR,STK,SMART/ARCA,,,,,,||09/29/2016|
DES,NFLX,STK,SMART/ARCA,,,,,,||09/29/2016|
DES,NTAP,STK,SMART/ARCA,,,,,,||09/29/2016|
DES,QQQ,STK,SMART/ARCA,,,,,,||09/29/2016|
DES,AAPL,STK,SMART/ARCA,,,,,,||09/30/2016|
DES,AMZN,STK,SMART/ARCA,,,,,,||09/30/2016|
DES,CXO,STK,SMART/ARCA,,,,,,||09/30/2016|
DES,FCX,STK,SMART/ARCA,,,,,,||09/30/2016|
DES,FSLR,STK,SMART/ARCA,,,,,,||09/30/2016|
DES,NFLX,STK,SMART/ARCA,,,,,,||09/30/2016|
DES,NTAP,STK,SMART/ARCA,,,,,,||09/30/2016|
DES,QQQ,STK,SMART/ARCA,,,,,,||09/30/2016|
DES,AAPL,STK,SMART/ARCA,,,,,,||10/03/2016|
DES,AMZN,STK,SMART/ARCA,,,,,,||10/03/2016|
DES,CXO,STK,SMART/ARCA,,,,,,||10/03/2016|
DES,FCX,STK,SMART/ARCA,,,,,,||10/03/2016|
DES,FSLR,STK,SMART/ARCA,,,,,,||10/03/2016|
DES,NFLX,STK,SMART/ARCA,,,,,,||10/03/2016|
DES,NTAP,STK,SMART/ARCA,,,,,,||10/03/2016|
DES,QQQ,STK,SMART/ARCA,,,,,,||10/03/2016|
DES,AAPL,STK,SMART/ARCA,,,,,,||10/04/2016|
DES,AMZN,STK,SMART/ARCA,,,,,,||10/04/2016|
DES,CXO,STK,SMART/ARCA,,,,,,||10/04/2016|
DES,FCX,STK,SMART/ARCA,,,,,,||10/04/2016|
DES,FSLR,STK,SMART/ARCA,,,,,,||10/04/2016|
DES,NFLX,STK,SMART/ARCA,,,,,,||10/04/2016|
DES,NTAP,STK,SMART/ARCA,,,,,,||10/04/2016|
DES,QQQ,STK,SMART/ARCA,,,,,,||10/04/2016|
DES,AAPL,STK,SMART/ARCA,,,,,,||10/05/2016|
DES,AMZN,STK,SMART/ARCA,,,,,,||10/05/2016|
DES,CXO,STK,SMART/ARCA,,,,,,||10/05/2016|
DES,FCX,STK,SMART/ARCA,,,,,,||10/05/2016|
DES,FSLR,STK,SMART/ARCA,,,,,,||10/05/2016|
DES,NFLX,STK,SMART/ARCA,,,,,,||10/05/2016|
DES,NTAP,STK,SMART/ARCA,,,,,,||10/05/2016|
DES,QQQ,STK,SMART/ARCA,,,,,,||10/05/2016|
DES,AAPL,STK,SMART/ARCA,,,,,,||10/06/2016|
DES,AMZN,STK,SMART/ARCA,,,,,,||10/06/2016|
DES,CXO,STK,SMART/ARCA,,,,,,||10/06/2016|
DES,FCX,STK,SMART/ARCA,,,,,,||10/06/2016|
DES,FSLR,STK,SMART/ARCA,,,,,,||10/06/2016|
DES,NFLX,STK,SMART/ARCA,,,,,,||10/06/2016|
DES,NTAP,STK,SMART/ARCA,,,,,,||10/06/2016|
DES,QQQ,STK,SMART/ARCA,,,,,,||10/06/2016|
DES,AAPL,STK,SMART/ARCA,,,,,,||10/07/2016|
DES,AMZN,STK,SMART/ARCA,,,,,,||10/07/2016|
DES,CXO,STK,SMART/ARCA,,,,,,||10/07/2016|
DES,FCX,STK,SMART/ARCA,,,,,,||10/07/2016|
DES,FSLR,STK,SMART/ARCA,,,,,,||10/07/2016|
DES,NFLX,STK,SMART/ARCA,,,,,,||10/07/2016|
DES,NTAP,STK,SMART/ARCA,,,,,,||10/07/2016|
DES,QQQ,STK,SMART/ARCA,,,,,,||10/07/2016|
DES,AAPL,STK,SMART/ARCA,,,,,,||10/10/2016|
DES,AMZN,STK,SMART/ARCA,,,,,,||10/10/2016|
DES,CXO,STK,SMART/ARCA,,,,,,||10/10/2016|
DES,FCX,STK,SMART/ARCA,,,,,,||10/10/2016|
DES,FSLR,STK,SMART/ARCA,,,,,,||10/10/2016|
DES,NFLX,STK,SMART/ARCA,,,,,,||10/10/2016|
DES,NTAP,STK,SMART/ARCA,,,,,,||10/10/2016|
DES,QQQ,STK,SMART/ARCA,,,,,,||10/10/2016|
DES,AAPL,STK,SMART/ARCA,,,,,,||10/11/2016|
DES,AMZN,STK,SMART/ARCA,,,,,,||10/11/2016|
DES,CXO,STK,SMART/ARCA,,,,,,||10/11/2016|
DES,FCX,STK,SMART/ARCA,,,,,,||10/11/2016|
DES,FSLR,STK,SMART/ARCA,,,,,,||10/11/2016|
DES,NFLX,STK,SMART/ARCA,,,,,,||10/11/2016|
DES,NTAP,STK,SMART/ARCA,,,,,,||10/11/2016|
DES,QQQ,STK,SMART/ARCA,,,,,,||10/11/2016|
DES,AAPL,STK,SMART/ARCA,,,,,,||10/12/2016|
DES,AMZN,STK,SMART/ARCA,,,,,,||10/12/2016|
DES,CXO,STK,SMART/ARCA,,,,,,||10/12/2016|
DES,FCX,STK,SMART/ARCA,,,,,,||10/12/2016|
DES,FSLR,STK,SMART/ARCA,,,,,,||10/12/2016|
DES,NFLX,STK,SMART/ARCA,,,,,,||10/12/2016|
DES,NTAP,STK,SMART/ARCA,,,,,,||10/12/2016|
DES,QQQ,STK,SMART/ARCA,,,,,,||10/12/2016|
DES,AAPL,STK,SMART/ARCA,,,,,,||10/13/2016|
DES,AMZN,STK,SMART/ARCA,,,,,,||10/13/2016|
DES,CXO,STK,SMART/ARCA,,,,,,||10/13/2016|
DES,FCX,STK,SMART/ARCA,,,,,,||10/13/2016|
DES,FSLR,STK,SMART/ARCA,,,,,,||10/13/2016|
DES,NFLX,STK,SMART/ARCA,,,,,,||10/13/2016|
DES,NTAP,STK,SMART/ARCA,,,,,,||10/13/2016|
DES,QQQ,STK,SMART/ARCA,,,,,,||10/13/2016|
DES,AAPL,STK,SMART/ARCA,,,,,,||10/14/2016|
DES,AMZN,STK,SMART/ARCA,,,,,,||10/14/2016|
DES,CXO,STK,SMART/ARCA,,,,,,||10/14/2016|
DES,FCX,STK,SMART/ARCA,,,,,,||10/14/2016|
DES,FSLR,STK,SMART/ARCA,,,,,,||10/14/2016|
DES,NFLX,STK,SMART/ARCA,,,,,,||10/14/2016|
DES,NTAP,STK,SMART/ARCA,,,,,,||10/14/2016|
DES,QQQ,STK,SMART/ARCA,,,,,,||10/14/2016|
DES,AAPL,STK,SMART/ARCA,,,,,,||10/17/2016|
DES,AMZN,STK,SMART/ARCA,,,,,,||10/17/2016|
DES,CXO,STK,SMART/ARCA,,,,,,||10/17/2016|
DES,FCX,STK,SMART/ARCA,,,,,,||10/17/2016|
DES,FSLR,STK,SMART/ARCA,,,,,,||10/17/2016|
DES,NFLX,STK,SMART/ARCA,,,,,,||10/17/2016|
DES,NTAP,STK,SMART/ARCA,,,,,,||10/17/2016|
DES,QQQ,STK,SMART/ARCA,,,,,,||10/17/2016|
DES,AAPL,STK,SMART/ARCA,,,,,,||10/18/2016|
DES,AMZN,STK,SMART/ARCA,,,,,,||10/18/2016|
DES,CXO,STK,SMART/ARCA,,,,,,||10/18/2016|
DES,FCX,STK,SMART/ARCA,,,,,,||10/18/2016|
DES,FSLR,STK,SMART/ARCA,,,,,,||10/18/2016|
DES,NFLX,STK,SMART/ARCA,,,,,,||10/18/2016|
DES,NTAP,STK,SMART/ARCA,,,,,,||10/18/2016|
DES,QQQ,STK,SMART/ARCA,,,,,,||10/18/2016|
DES,AAPL,STK,SMART/ARCA,,,,,,||10/19/2016|
DES,AMZN,STK,SMART/ARCA,,,,,,||10/19/2016|
DES,CXO,STK,SMART/ARCA,,,,,,||10/19/2016|
DES,FCX,STK,SMART/ARCA,,,,,,||10/19/2016|
DES,FSLR,STK,SMART/ARCA,,,,,,||10/19/2016|
DES,NFLX,STK,SMART/ARCA,,,,,,||10/19/2016|
DES,NTAP,STK,SMART/ARCA,,,,,,||10/19/2016|
DES,QQQ,STK,SMART/ARCA,,,,,,||10/19/2016|
DES,AAPL,STK,SMART/ARCA,,,,,,||10/20/2016|
DES,AMZN,STK,SMART/ARCA,,,,,,||10/20/2016|
DES,CXO,STK,SMART/ARCA,,,,,,||10/20/2016|
DES,FCX,STK,SMART/ARCA,,,,,,||10/20/2016|
DES,FSLR,STK,SMART/ARCA,,,,,,||10/20/2016|
DES,NFLX,STK,SMART/ARCA,,,,,,||10/20/2016|
DES,NTAP,STK,SMART/ARCA,,,,,,||10/20/2016|
DES,QQQ,STK,SMART/ARCA,,,,,,||10/20/2016|
DES,AAPL,STK,SMART/ARCA,,,,,,||10/21/2016|
DES,AMZN,STK,SMART/ARCA,,,,,,||10/21/2016|
DES,CXO,STK,SMART/ARCA,,,,,,||10/21/2016|
DES,FCX,STK,SMART/ARCA,,,,,,||10/21/2016|
DES,FSLR,STK,SMART/ARCA,,,,,,||10/21/2016|
DES,NFLX,STK,SMART/ARCA,,,,,,||10/21/2016|
DES,NTAP,STK,SMART/ARCA,,,,,,||10/21/2016|
DES,QQQ,STK,SMART/ARCA,,,,,,||10/21/2016|
DES,AAPL,STK,SMART/ARCA,,,,,,||10/24/2016|
DES,AMZN,STK,SMART/ARCA,,,,,,||10/24/2016|
DES,CXO,STK,SMART/ARCA,,,,,,||10/24/2016|
DES,FCX,STK,SMART/ARCA,,,,,,||10/24/2016|
DES,FSLR,STK,SMART/ARCA,,,,,,||10/24/2016|
DES,NFLX,STK,SMART/ARCA,,,,,,||10/24/2016|
DES,NTAP,STK,SMART/ARCA,,,,,,||10/24/2016|
DES,QQQ,STK,SMART/ARCA,,,,,,||10/24/2016|
DES,AAPL,STK,SMART/ARCA,,,,,,||10/25/2016|
DES,AMZN,STK,SMART/ARCA,,,,,,||10/25/2016|
DES,CXO,STK,SMART/ARCA,,,,,,||10/25/2016|
DES,FCX,STK,SMART/ARCA,,,,,,||10/25/2016|
DES,FSLR,STK,SMART/ARCA,,,,,,||10/25/2016|
DES,NFLX,STK,SMART/ARCA,,,,,,||10/25/2016|
DES,NTAP,STK,SMART/ARCA,,,,,,||10/25/2016|
DES,QQQ,STK,SMART/ARCA,,,,,,||10/25/2016|
DES,AAPL,STK,SMART/ARCA,,,,,,||10/26/2016|
DES,AMZN,STK,SMART/ARCA,,,,,,||10/26/2016|
DES,CXO,STK,SMART/ARCA,,,,,,||10/26/2016|
DES,FCX,STK,SMART/ARCA,,,,,,||10/26/2016|
DES,FSLR,STK,SMART/ARCA,,,,,,||10/26/2016|
DES,NFLX,STK,SMART/ARCA,,,,,,||10/26/2016|
DES,NTAP,STK,SMART/ARCA,,,,,,||10/26/2016|
DES,QQQ,STK,SMART/ARCA,,,,,,||10/26/2016|
DES,AAPL,STK,SMART/ARCA,,,,,,||10/27/2016|
DES,AMZN,STK,SMART/ARCA,,,,,,||10/27/2016|
DES,CXO,STK,SMART/ARCA,,,,,,||10/27/2016|
DES,FCX,STK,SMART/ARCA,,,,,,||10/27/2016|
DES,FSLR,STK,SMART/ARCA,,,,,,||10/27/2016|
DES,NFLX,STK,SMART/ARCA,,,,,,||10/27/2016|
DES,NTAP,STK,SMART/ARCA,,,,,,||10/27/2016|
DES,QQQ,STK,SMART/ARCA,,,,,,||10/27/2016|
DES,AAPL,STK,SMART/ARCA,,,,,,||10/28/2016|
DES,AMZN,STK,SMART/ARCA,,,,,,||10/28/2016|
DES,CXO,STK,SMART/ARCA,,,,,,||10/28/2016|
DES,FCX,STK,SMART/ARCA,,,,,,||10/28/2016|
DES,FSLR,STK,SMART/ARCA,,,,,,||10/28/2016|
DES,NFLX,STK,SMART/ARCA,,,,,,||10/28/2016|
DES,NTAP,STK,SMART/ARCA,,,,,,||10/28/2016|
DES,QQQ,STK,SMART/ARCA,,,,,,||10/28/2016|
DES,AAPL,STK,SMART/ARCA,,,,,,||10/31/2016|
DES,AMZN,STK,SMART/ARCA,,,,,,||10/31/2016|
DES,CXO,STK,SMART/ARCA,,,,,,||10/31/2016|
DES,FCX,STK,SMART/ARCA,,,,,,||10/31/2016|
DES,FSLR,STK,SMART/ARCA,,,,,,||10/31/2016|
DES,NFLX,STK,SMART/ARCA,,,,,,||10/31/2016|
DES,NTAP,STK,SMART/ARCA,,,,,,||10/31/2016|
DES,QQQ,STK,SMART/ARCA,,,,,,||10/31/2016|
DES,AAPL,STK,SMART/ARCA,,,,,,||11/01/2016|
DES,AMZN,STK,SMART/ARCA,,,,,,||11/01/2016|
DES,CXO,STK,SMART/ARCA,,,,,,||11/01/2016|
DES,FCX,STK,SMART/ARCA,,,,,,||11/01/2016|
DES,FSLR,STK,SMART/ARCA,,,,,,||11/01/2016|
DES,NFLX,STK,SMART/ARCA,,,,,,||11/01/2016|
DES,NTAP,STK,SMART/ARCA,,,,,,||11/01/2016|
DES,QQQ,STK,SMART/ARCA,,,,,,||11/01/2016|
DES,AAPL,STK,SMART/ARCA,,,,,,||11/02/2016|
DES,AMZN,STK,SMART/ARCA,,,,,,||11/02/2016|
DES,CXO,STK,SMART/ARCA,,,,,,||11/02/2016|
DES,FCX,STK,SMART/ARCA,,,,,,||11/02/2016|
DES,FSLR,STK,SMART/ARCA,,,,,,||11/02/2016|
DES,NFLX,STK,SMART/ARCA,,,,,,||11/02/2016|
DES,NTAP,STK,SMART/ARCA,,,,,,||11/02/2016|
DES,QQQ,STK,SMART/ARCA,,,,,,||11/02/2016|
DES,AAPL,STK,SMART/ARCA,,,,,,||11/03/2016|
DES,AMZN,STK,SMART/ARCA,,,,,,||11/03/2016|
DES,CXO,STK,SMART/ARCA,,,,,,||11/03/2016|
DES,FCX,STK,SMART/ARCA,,,,,,||11/03/2016|
DES,FSLR,STK,SMART/ARCA,,,,,,||11/03/2016|
DES,NFLX,STK,SMART/ARCA,,,,,,||11/03/2016|
DES,NTAP,STK,SMART/ARCA,,,,,,||11/03/2016|
DES,QQQ,STK,SMART/ARCA,,,,,,||11/03/2016|
DES,AAPL,STK,SMART/ARCA,,,,,,||11/04/2016|
DES,AMZN,STK,SMART/ARCA,,,,,,||11/04/2016|
DES,CXO,STK,SMART/ARCA,,,,,,||11/04/2016|
DES,FCX,STK,SMART/ARCA,,,,,,||11/04/2016|
DES,FSLR,STK,SMART/ARCA,,,,,,||11/04/2016|
DES,NFLX,STK,SMART/ARCA,,,,,,||11/04/2016|
DES,NTAP,STK,SMART/ARCA,,,,,,||11/04/2016|
DES,QQQ,STK,SMART/ARCA,,,,,,||11/04/2016|
DES,AAPL,STK,SMART/ARCA,,,,,,||11/07/2016|
DES,AMZN,STK,SMART/ARCA,,,,,,||11/07/2016|
DES,CXO,STK,SMART/ARCA,,,,,,||11/07/2016|
DES,FCX,STK,SMART/ARCA,,,,,,||11/07/2016|
DES,FSLR,STK,SMART/ARCA,,,,,,||11/07/2016|
DES,NFLX,STK,SMART/ARCA,,,,,,||11/07/2016|
DES,NTAP,STK,SMART/ARCA,,,,,,||11/07/2016|
DES,QQQ,STK,SMART/ARCA,,,,,,||11/07/2016|
DES,AAPL,STK,SMART/ARCA,,,,,,||11/08/2016|
DES,AMZN,STK,SMART/ARCA,,,,,,||11/08/2016|
DES,CXO,STK,SMART/ARCA,,,,,,||11/08/2016|
DES,FCX,STK,SMART/ARCA,,,,,,||11/08/2016|
DES,FSLR,STK,SMART/ARCA,,,,,,||11/08/2016|
DES,NFLX,STK,SMART/ARCA,,,,,,||11/08/2016|
DES,NTAP,STK,SMART/ARCA,,,,,,||11/08/2016|
DES,QQQ,STK,SMART/ARCA,,,,,,||11/08/2016|
DES,AAPL,STK,SMART/ARCA,,,,,,||11/09/2016|
DES,AMZN,STK,SMART/ARCA,,,,,,||11/09/2016|
DES,CXO,STK,SMART/ARCA,,,,,,||11/09/2016|
DES,FCX,STK,SMART/ARCA,,,,,,||11/09/2016|
DES,FSLR,STK,SMART/ARCA,,,,,,||11/09/2016|
DES,NFLX,STK,SMART/ARCA,,,,,,||11/09/2016|
DES,NTAP,STK,SMART/ARCA,,,,,,||11/09/2016|
DES,QQQ,STK,SMART/ARCA,,,,,,||11/09/2016|
DES,AAPL,STK,SMART/ARCA,,,,,,||11/10/2016|
DES,AMZN,STK,SMART/ARCA,,,,,,||11/10/2016|
DES,CXO,STK,SMART/ARCA,,,,,,||11/10/2016|
DES,FCX,STK,SMART/ARCA,,,,,,||11/10/2016|
DES,FSLR,STK,SMART/ARCA,,,,,,||11/10/2016|
DES,NFLX,STK,SMART/ARCA,,,,,,||11/10/2016|
DES,NTAP,STK,SMART/ARCA,,,,,,||11/10/2016|
DES,QQQ,STK,SMART/ARCA,,,,,,||11/10/2016|
DES,AAPL,STK,SMART/ARCA,,,,,,||11/11/2016|
DES,AMZN,STK,SMART/ARCA,,,,,,||11/11/2016|
DES,CXO,STK,SMART/ARCA,,,,,,||11/11/2016|
DES,FCX,STK,SMART/ARCA,,,,,,||11/11/2016|
DES,FSLR,STK,SMART/ARCA,,,,,,||11/11/2016|
DES,NFLX,STK,SMART/ARCA,,,,,,||11/11/2016|
DES,NTAP,STK,SMART/ARCA,,,,,,||11/11/2016|
DES,QQQ,STK,SMART/ARCA,,,,,,||11/11/2016|
DES,AAPL,STK,SMART/ARCA,,,,,,||11/14/2016|
DES,AMZN,STK,SMART/ARCA,,,,,,||11/14/2016|
DES,CXO,STK,SMART/ARCA,,,,,,||11/14/2016|
DES,FCX,STK,SMART/ARCA,,,,,,||11/14/2016|
DES,FSLR,STK,SMART/ARCA,,,,,,||11/14/2016|
DES,NFLX,STK,SMART/ARCA,,,,,,||11/14/2016|
DES,NTAP,STK,SMART/ARCA,,,,,,||11/14/2016|
DES,QQQ,STK,SMART/ARCA,,,,,,||11/14/2016|
DES,AAPL,STK,SMART/ARCA,,,,,,||11/15/2016|
DES,AMZN,STK,SMART/ARCA,,,,,,||11/15/2016|
DES,CXO,STK,SMART/ARCA,,,,,,||11/15/2016|
DES,FCX,STK,SMART/ARCA,,,,,,||11/15/2016|
DES,FSLR,STK,SMART/ARCA,,,,,,||11/15/2016|
DES,NFLX,STK,SMART/ARCA,,,,,,||11/15/2016|
DES,NTAP,STK,SMART/ARCA,,,,,,||11/15/2016|
DES,QQQ,STK,SMART/ARCA,,,,,,||11/15/2016|
DES,AAPL,STK,SMART/ARCA,,,,,,||11/16/2016|
DES,AMZN,STK,SMART/ARCA,,,,,,||11/16/2016|
DES,CXO,STK,SMART/ARCA,,,,,,||11/16/2016|
DES,FCX,STK,SMART/ARCA,,,,,,||11/16/2016|
DES,FSLR,STK,SMART/ARCA,,,,,,||11/16/2016|
DES,NFLX,STK,SMART/ARCA,,,,,,||11/16/2016|
DES,NTAP,STK,SMART/ARCA,,,,,,||11/16/2016|
DES,QQQ,STK,SMART/ARCA,,,,,,||11/16/2016|
DES,AAPL,STK,SMART/ARCA,,,,,,||11/17/2016|
DES,AMZN,STK,SMART/ARCA,,,,,,||11/17/2016|
DES,CXO,STK,SMART/ARCA,,,,,,||11/17/2016|
DES,FCX,STK,SMART/ARCA,,,,,,||11/17/2016|
DES,FSLR,STK,SMART/ARCA,,,,,,||11/17/2016|
DES,NFLX,STK,SMART/ARCA,,,,,,||11/17/2016|
DES,NTAP,STK,SMART/ARCA,,,,,,||11/17/2016|
DES,QQQ,STK,SMART/ARCA,,,,,,||11/17/2016|
DES,AAPL,STK,SMART/ARCA,,,,,,||11/18/2016|
DES,AMZN,STK,SMART/ARCA,,,,,,||11/18/2016|
DES,CXO,STK,SMART/ARCA,,,,,,||11/18/2016|
DES,FCX,STK,SMART/ARCA,,,,,,||11/18/2016|
DES,FSLR,STK,SMART/ARCA,,,,,,||11/18/2016|
DES,NFLX,STK,SMART/ARCA,,,,,,||11/18/2016|
DES,NTAP,STK,SMART/ARCA,,,,,,||11/18/2016|
DES,QQQ,STK,SMART/ARCA,,,,,,||11/18/2016|
DES,AAPL,STK,SMART/ARCA,,,,,,||11/21/2016|
DES,AMZN,STK,SMART/ARCA,,,,,,||11/21/2016|
DES,CXO,STK,SMART/ARCA,,,,,,||11/21/2016|
DES,FCX,STK,SMART/ARCA,,,,,,||11/21/2016|
DES,FSLR,STK,SMART/ARCA,,,,,,||11/21/2016|
DES,NFLX,STK,SMART/ARCA,,,,,,||11/21/2016|
DES,NTAP,STK,SMART/ARCA,,,,,,||11/21/2016|
DES,QQQ,STK,SMART/ARCA,,,,,,||11/21/2016|
DES,AAPL,STK,SMART/ARCA,,,,,,||11/22/2016|
DES,AMZN,STK,SMART/ARCA,,,,,,||11/22/2016|
DES,CXO,STK,SMART/ARCA,,,,,,||11/22/2016|
DES,FCX,STK,SMART/ARCA,,,,,,||11/22/2016|
DES,FSLR,STK,SMART/ARCA,,,,,,||11/22/2016|
DES,NFLX,STK,SMART/ARCA,,,,,,||11/22/2016|
DES,NTAP,STK,SMART/ARCA,,,,,,||11/22/2016|
DES,QQQ,STK,SMART/ARCA,,,,,,||11/22/2016|
DES,AAPL,STK,SMART/ARCA,,,,,,||11/23/2016|
DES,AMZN,STK,SMART/ARCA,,,,,,||11/23/2016|
DES,CXO,STK,SMART/ARCA,,,,,,||11/23/2016|
DES,FCX,STK,SMART/ARCA,,,,,,||11/23/2016|
DES,FSLR,STK,SMART/ARCA,,,,,,||11/23/2016|
DES,NFLX,STK,SMART/ARCA,,,,,,||11/23/2016|
DES,NTAP,STK,SMART/ARCA,,,,,,||11/23/2016|
DES,QQQ,STK,SMART/ARCA,,,,,,||11/23/2016|
DES,AAPL,STK,SMART/ARCA,,,,,,||11/24/2016|
DES,AMZN,STK,SMART/ARCA,,,,,,||11/24/2016|
DES,CXO,STK,SMART/ARCA,,,,,,||11/24/2016|
DES,FCX,STK,SMART/ARCA,,,,,,||11/24/2016|
DES,FSLR,STK,SMART/ARCA,,,,,,||11/24/2016|
DES,NFLX,STK,SMART/ARCA,,,,,,||11/24/2016|
DES,NTAP,STK,SMART/ARCA,,,,,,||11/24/2016|
DES,QQQ,STK,SMART/ARCA,,,,,,||11/24/2016|
DES,AAPL,STK,SMART/ARCA,,,,,,||11/25/2016|
DES,AMZN,STK,SMART/ARCA,,,,,,||11/25/2016|
DES,CXO,STK,SMART/ARCA,,,,,,||11/25/2016|
DES,FCX,STK,SMART/ARCA,,,,,,||11/25/2016|
DES,FSLR,STK,SMART/ARCA,,,,,,||11/25/2016|
DES,NFLX,STK,SMART/ARCA,,,,,,||11/25/2016|
DES,NTAP,STK,SMART/ARCA,,,,,,||11/25/2016|
DES,QQQ,STK,SMART/ARCA,,,,,,||11/25/2016|
DES,AAPL,STK,SMART/ARCA,,,,,,||11/28/2016|
DES,AMZN,STK,SMART/ARCA,,,,,,||11/28/2016|
DES,CXO,STK,SMART/ARCA,,,,,,||11/28/2016|
DES,FCX,STK,SMART/ARCA,,,,,,||11/28/2016|
DES,FSLR,STK,SMART/ARCA,,,,,,||11/28/2016|
DES,NFLX,STK,SMART/ARCA,,,,,,||11/28/2016|
DES,NTAP,STK,SMART/ARCA,,,,,,||11/28/2016|
DES,QQQ,STK,SMART/ARCA,,,,,,||11/28/2016|
DES,AAPL,STK,SMART/ARCA,,,,,,||11/29/2016|
DES,AMZN,STK,SMART/ARCA,,,,,,||11/29/2016|
DES,CXO,STK,SMART/ARCA,,,,,,||11/29/2016|
DES,FCX,STK,SMART/ARCA,,,,,,||11/29/2016|
DES,FSLR,STK,SMART/ARCA,,,,,,||11/29/2016|
DES,NFLX,STK,SMART/ARCA,,,,,,||11/29/2016|
DES,NTAP,STK,SMART/ARCA,,,,,,||11/29/2016|
DES,QQQ,STK,SMART/ARCA,,,,,,||11/29/2016|
DES,AAPL,STK,SMART/ARCA,,,,,,||11/30/2016|
DES,AMZN,STK,SMART/ARCA,,,,,,||11/30/2016|
DES,CXO,STK,SMART/ARCA,,,,,,||11/30/2016|
DES,FCX,STK,SMART/ARCA,,,,,,||11/30/2016|
DES,FSLR,STK,SMART/ARCA,,,,,,||11/30/2016|
DES,NFLX,STK,SMART/ARCA,,,,,,||11/30/2016|
DES,NTAP,STK,SMART/ARCA,,,,,,||11/30/2016|
DES,QQQ,STK,SMART/ARCA,,,,,,||11/30/2016|
DES,AAPL,STK,SMART/ARCA,,,,,,||12/01/2016|
DES,AMZN,STK,SMART/ARCA,,,,,,||12/01/2016|
DES,CXO,STK,SMART/ARCA,,,,,,||12/01/2016|
DES,FCX,STK,SMART/ARCA,,,,,,||12/01/2016|
DES,FSLR,STK,SMART/ARCA,,,,,,||12/01/2016|
DES,NFLX,STK,SMART/ARCA,,,,,,||12/01/2016|
DES,NTAP,STK,SMART/ARCA,,,,,,||12/01/2016|
DES,QQQ,STK,SMART/ARCA,,,,,,||12/01/2016|
DES,AAPL,STK,SMART/ARCA,,,,,,||12/02/2016|
DES,AMZN,STK,SMART/ARCA,,,,,,||12/02/2016|
DES,CXO,STK,SMART/ARCA,,,,,,||12/02/2016|
DES,FCX,STK,SMART/ARCA,,,,,,||12/02/2016|
DES,FSLR,STK,SMART/ARCA,,,,,,||12/02/2016|
DES,NFLX,STK,SMART/ARCA,,,,,,||12/02/2016|
DES,NTAP,STK,SMART/ARCA,,,,,,||12/02/2016|
DES,QQQ,STK,SMART/ARCA,,,,,,||12/02/2016|
DES,AAPL,STK,SMART/ARCA,,,,,,||12/05/2016|
DES,AMZN,STK,SMART/ARCA,,,,,,||12/05/2016|
DES,CXO,STK,SMART/ARCA,,,,,,||12/05/2016|
DES,FCX,STK,SMART/ARCA,,,,,,||12/05/2016|
DES,FSLR,STK,SMART/ARCA,,,,,,||12/05/2016|
DES,NFLX,STK,SMART/ARCA,,,,,,||12/05/2016|
DES,NTAP,STK,SMART/ARCA,,,,,,||12/05/2016|
DES,QQQ,STK,SMART/ARCA,,,,,,||12/05/2016|
DES,AAPL,STK,SMART/ARCA,,,,,,||12/06/2016|
DES,AMZN,STK,SMART/ARCA,,,,,,||12/06/2016|
DES,CXO,STK,SMART/ARCA,,,,,,||12/06/2016|
DES,FCX,STK,SMART/ARCA,,,,,,||12/06/2016|
DES,FSLR,STK,SMART/ARCA,,,,,,||12/06/2016|
DES,NFLX,STK,SMART/ARCA,,,,,,||12/06/2016|
DES,NTAP,STK,SMART/ARCA,,,,,,||12/06/2016|
DES,QQQ,STK,SMART/ARCA,,,,,,||12/06/2016|
DES,AAPL,STK,SMART/ARCA,,,,,,||12/07/2016|
DES,AMZN,STK,SMART/ARCA,,,,,,||12/07/2016|
DES,CXO,STK,SMART/ARCA,,,,,,||12/07/2016|
DES,FCX,STK,SMART/ARCA,,,,,,||12/07/2016|
DES,FSLR,STK,SMART/ARCA,,,,,,||12/07/2016|
DES,NFLX,STK,SMART/ARCA,,,,,,||12/07/2016|
DES,NTAP,STK,SMART/ARCA,,,,,,||12/07/2016|
DES,QQQ,STK,SMART/ARCA,,,,,,||12/07/2016|
DES,AAPL,STK,SMART/ARCA,,,,,,||12/08/2016|
DES,AMZN,STK,SMART/ARCA,,,,,,||12/08/2016|
DES,CXO,STK,SMART/ARCA,,,,,,||12/08/2016|
DES,FCX,STK,SMART/ARCA,,,,,,||12/08/2016|
DES,FSLR,STK,SMART/ARCA,,,,,,||12/08/2016|
DES,NFLX,STK,SMART/ARCA,,,,,,||12/08/2016|
DES,NTAP,STK,SMART/ARCA,,,,,,||12/08/2016|
DES,QQQ,STK,SMART/ARCA,,,,,,||12/08/2016|
DES,AAPL,STK,SMART/ARCA,,,,,,||12/09/2016|
DES,AMZN,STK,SMART/ARCA,,,,,,||12/09/2016|
DES,CXO,STK,SMART/ARCA,,,,,,||12/09/2016|
DES,FCX,STK,SMART/ARCA,,,,,,||12/09/2016|
DES,FSLR,STK,SMART/ARCA,,,,,,||12/09/2016|
DES,NFLX,STK,SMART/ARCA,,,,,,||12/09/2016|
DES,NTAP,STK,SMART/ARCA,,,,,,||12/09/2016|
DES,QQQ,STK,SMART/ARCA,,,,,,||12/09/2016|
DES,AAPL,STK,SMART/ARCA,,,,,,||12/12/2016|
DES,AMZN,STK,SMART/ARCA,,,,,,||12/12/2016|
DES,CXO,STK,SMART/ARCA,,,,,,||12/12/2016|
DES,FCX,STK,SMART/ARCA,,,,,,||12/12/2016|
DES,FSLR,STK,SMART/ARCA,,,,,,||12/12/2016|
DES,NFLX,STK,SMART/ARCA,,,,,,||12/12/2016|
DES,NTAP,STK,SMART/ARCA,,,,,,||12/12/2016|
DES,QQQ,STK,SMART/ARCA,,,,,,||12/12/2016|
DES,AAPL,STK,SMART/ARCA,,,,,,||12/13/2016|
DES,AMZN,STK,SMART/ARCA,,,,,,||12/13/2016|
DES,CXO,STK,SMART/ARCA,,,,,,||12/13/2016|
DES,FCX,STK,SMART/ARCA,,,,,,||12/13/2016|
DES,FSLR,STK,SMART/ARCA,,,,,,||12/13/2016|
DES,NFLX,STK,SMART/ARCA,,,,,,||12/13/2016|
DES,NTAP,STK,SMART/ARCA,,,,,,||12/13/2016|
DES,QQQ,STK,SMART/ARCA,,,,,,||12/13/2016|
DES,AAPL,STK,SMART/ARCA,,,,,,||12/14/2016|
DES,AMZN,STK,SMART/ARCA,,,,,,||12/14/2016|
DES,CXO,STK,SMART/ARCA,,,,,,||12/14/2016|
DES,FCX,STK,SMART/ARCA,,,,,,||12/14/2016|
DES,FSLR,STK,SMART/ARCA,,,,,,||12/14/2016|
DES,NFLX,STK,SMART/ARCA,,,,,,||12/14/2016|
DES,NTAP,STK,SMART/ARCA,,,,,,||12/14/2016|
DES,QQQ,STK,SMART/ARCA,,,,,,||12/14/2016|
DES,AAPL,STK,SMART/ARCA,,,,,,||12/15/2016|
DES,AMZN,STK,SMART/ARCA,,,,,,||12/15/2016|
DES,CXO,STK,SMART/ARCA,,,,,,||12/15/2016|
DES,FCX,STK,SMART/ARCA,,,,,,||12/15/2016|
DES,FSLR,STK,SMART/ARCA,,,,,,||12/15/2016|
DES,NFLX,STK,SMART/ARCA,,,,,,||12/15/2016|
DES,NTAP,STK,SMART/ARCA,,,,,,||12/15/2016|
DES,QQQ,STK,SMART/ARCA,,,,,,||12/15/2016|
DES,AAPL,STK,SMART/ARCA,,,,,,||12/16/2016|
DES,AMZN,STK,SMART/ARCA,,,,,,||12/16/2016|
DES,CXO,STK,SMART/ARCA,,,,,,||12/16/2016|
DES,FCX,STK,SMART/ARCA,,,,,,||12/16/2016|
DES,FSLR,STK,SMART/ARCA,,,,,,||12/16/2016|
DES,NFLX,STK,SMART/ARCA,,,,,,||12/16/2016|
DES,NTAP,STK,SMART/ARCA,,,,,,||12/16/2016|
DES,QQQ,STK,SMART/ARCA,,,,,,||12/16/2016|
DES,AAPL,STK,SMART/ARCA,,,,,,||12/19/2016|
DES,AMZN,STK,SMART/ARCA,,,,,,||12/19/2016|
DES,CXO,STK,SMART/ARCA,,,,,,||12/19/2016|
DES,FCX,STK,SMART/ARCA,,,,,,||12/19/2016|
DES,FSLR,STK,SMART/ARCA,,,,,,||12/19/2016|
DES,NFLX,STK,SMART/ARCA,,,,,,||12/19/2016|
DES,NTAP,STK,SMART/ARCA,,,,,,||12/19/2016|
DES,QQQ,STK,SMART/ARCA,,,,,,||12/19/2016|
DES,AAPL,STK,SMART/ARCA,,,,,,||12/20/2016|
DES,AMZN,STK,SMART/ARCA,,,,,,||12/20/2016|
DES,CXO,STK,SMART/ARCA,,,,,,||12/20/2016|
DES,FCX,STK,SMART/ARCA,,,,,,||12/20/2016|
DES,FSLR,STK,SMART/ARCA,,,,,,||12/20/2016|
DES,NFLX,STK,SMART/ARCA,,,,,,||12/20/2016|
DES,NTAP,STK,SMART/ARCA,,,,,,||12/20/2016|
DES,QQQ,STK,SMART/ARCA,,,,,,||12/20/2016|
DES,AAPL,STK,SMART/ARCA,,,,,,||12/21/2016|
DES,AMZN,STK,SMART/ARCA,,,,,,||12/21/2016|
DES,CXO,STK,SMART/ARCA,,,,,,||12/21/2016|
DES,FCX,STK,SMART/ARCA,,,,,,||12/21/2016|
DES,FSLR,STK,SMART/ARCA,,,,,,||12/21/2016|
DES,NFLX,STK,SMART/ARCA,,,,,,||12/21/2016|
DES,NTAP,STK,SMART/ARCA,,,,,,||12/21/2016|
DES,QQQ,STK,SMART/ARCA,,,,,,||12/21/2016|
DES,AAPL,STK,SMART/ARCA,,,,,,||12/22/2016|
DES,AMZN,STK,SMART/ARCA,,,,,,||12/22/2016|
DES,CXO,STK,SMART/ARCA,,,,,,||12/22/2016|
DES,FCX,STK,SMART/ARCA,,,,,,||12/22/2016|
DES,FSLR,STK,SMART/ARCA,,,,,,||12/22/2016|
DES,NFLX,STK,SMART/ARCA,,,,,,||12/22/2016|
DES,NTAP,STK,SMART/ARCA,,,,,,||12/22/2016|
DES,QQQ,STK,SMART/ARCA,,,,,,||12/22/2016|
DES,AAPL,STK,SMART/ARCA,,,,,,||12/23/2016|
DES,AMZN,STK,SMART/ARCA,,,,,,||12/23/2016|
DES,CXO,STK,SMART/ARCA,,,,,,||12/23/2016|
DES,FCX,STK,SMART/ARCA,,,,,,||12/23/2016|
DES,FSLR,STK,SMART/ARCA,,,,,,||12/23/2016|
DES,NFLX,STK,SMART/ARCA,,,,,,||12/23/2016|
DES,NTAP,STK,SMART/ARCA,,,,,,||12/23/2016|
DES,QQQ,STK,SMART/ARCA,,,,,,||12/23/2016|
DES,AAPL,STK,SMART/ARCA,,,,,,||12/26/2016|
DES,AMZN,STK,SMART/ARCA,,,,,,||12/26/2016|
DES,CXO,STK,SMART/ARCA,,,,,,||12/26/2016|
DES,FCX,STK,SMART/ARCA,,,,,,||12/26/2016|
DES,FSLR,STK,SMART/ARCA,,,,,,||12/26/2016|
DES,NFLX,STK,SMART/ARCA,,,,,,||12/26/2016|
DES,NTAP,STK,SMART/ARCA,,,,,,||12/26/2016|
DES,QQQ,STK,SMART/ARCA,,,,,,||12/26/2016|
DES,AAPL,STK,SMART/ARCA,,,,,,||12/27/2016|
DES,AMZN,STK,SMART/ARCA,,,,,,||12/27/2016|
DES,CXO,STK,SMART/ARCA,,,,,,||12/27/2016|
DES,FCX,STK,SMART/ARCA,,,,,,||12/27/2016|
DES,FSLR,STK,SMART/ARCA,,,,,,||12/27/2016|
DES,NFLX,STK,SMART/ARCA,,,,,,||12/27/2016|
DES,NTAP,STK,SMART/ARCA,,,,,,||12/27/2016|
DES,QQQ,STK,SMART/ARCA,,,,,,||12/27/2016|
DES,AAPL,STK,SMART/ARCA,,,,,,||12/28/2016|
DES,AMZN,STK,SMART/ARCA,,,,,,||12/28/2016|
DES,CXO,STK,SMART/ARCA,,,,,,||12/28/2016|
DES,FCX,STK,SMART/ARCA,,,,,,||12/28/2016|
DES,FSLR,STK,SMART/ARCA,,,,,,||12/28/2016|
DES,NFLX,STK,SMART/ARCA,,,,,,||12/28/2016|
DES,NTAP,STK,SMART/ARCA,,,,,,||12/28/2016|
DES,QQQ,STK,SMART/ARCA,,,,,,||12/28/2016|
DES,AAPL,STK,SMART/ARCA,,,,,,||12/29/2016|
DES,AMZN,STK,SMART/ARCA,,,,,,||12/29/2016|
DES,CXO,STK,SMART/ARCA,,,,,,||12/29/2016|
DES,FCX,STK,SMART/ARCA,,,,,,||12/29/2016|
DES,FSLR,STK,SMART/ARCA,,,,,,||12/29/2016|
DES,NFLX,STK,SMART/ARCA,,,,,,||12/29/2016|
DES,NTAP,STK,SMART/ARCA,,,,,,||12/29/2016|
DES,QQQ,STK,SMART/ARCA,,,,,,||12/29/2016|
DES,AAPL,STK,SMART/ARCA,,,,,,||12/30/2016|
DES,AMZN,STK,SMART/ARCA,,,,,,||12/30/2016|
DES,CXO,STK,SMART/ARCA,,,,,,||12/30/2016|
DES,FCX,STK,SMART/ARCA,,,,,,||12/30/2016|
DES,FSLR,STK,SMART/ARCA,,,,,,||12/30/2016|
DES,NFLX,STK,SMART/ARCA,,,,,,||12/30/2016|
DES,NTAP,STK,SMART/ARCA,,,,,,||12/30/2016|
DES,QQQ,STK,SMART/ARCA,,,,,,||12/30/2016|
DES,AAPL,STK,SMART/ARCA,,,,,,||01/02/2017|
DES,AMZN,STK,SMART/ARCA,,,,,,||01/02/2017|
DES,CXO,STK,SMART/ARCA,,,,,,||01/02/2017|
DES,FCX,STK,SMART/ARCA,,,,,,||01/02/2017|
DES,FSLR,STK,SMART/ARCA,,,,,,||01/02/2017|
DES,NFLX,STK,SMART/ARCA,,,,,,||01/02/2017|
DES,NTAP,STK,SMART/ARCA,,,,,,||01/02/2017|
DES,QQQ,STK,SMART/ARCA,,,,,,||01/02/2017|
DES,AAPL,STK,SMART/ARCA,,,,,,||01/03/2017|
DES,AMZN,STK,SMART/ARCA,,,,,,||01/03/2017|
DES,CXO,STK,SMART/ARCA,,,,,,||01/03/2017|
DES,FCX,STK,SMART/ARCA,,,,,,||01/03/2017|
DES,FSLR,STK,SMART/ARCA,,,,,,||01/03/2017|
DES,NFLX,STK,SMART/ARCA,,,,,,||01/03/2017|
DES,NTAP,STK,SMART/ARCA,,,,,,||01/03/2017|
DES,QQQ,STK,SMART/ARCA,,,,,,||01/03/2017|
DES,AAPL,STK,SMART/ARCA,,,,,,||01/04/2017|
DES,AMZN,STK,SMART/ARCA,,,,,,||01/04/2017|
DES,CXO,STK,SMART/ARCA,,,,,,||01/04/2017|
DES,FCX,STK,SMART/ARCA,,,,,,||01/04/2017|
DES,FSLR,STK,SMART/ARCA,,,,,,||01/04/2017|
DES,NFLX,STK,SMART/ARCA,,,,,,||01/04/2017|
DES,NTAP,STK,SMART/ARCA,,,,,,||01/04/2017|
DES,QQQ,STK,SMART/ARCA,,,,,,||01/04/2017|
DES,AAPL,STK,SMART/ARCA,,,,,,||01/05/2017|
DES,AMZN,STK,SMART/ARCA,,,,,,||01/05/2017|
DES,CXO,STK,SMART/ARCA,,,,,,||01/05/2017|
DES,FCX,STK,SMART/ARCA,,,,,,||01/05/2017|
DES,FSLR,STK,SMART/ARCA,,,,,,||01/05/2017|
DES,NFLX,STK,SMART/ARCA,,,,,,||01/05/2017|
DES,NTAP,STK,SMART/ARCA,,,,,,||01/05/2017|
DES,QQQ,STK,SMART/ARCA,,,,,,||01/05/2017|
DES,AAPL,STK,SMART/ARCA,,,,,,||01/06/2017|
DES,AMZN,STK,SMART/ARCA,,,,,,||01/06/2017|
DES,CXO,STK,SMART/ARCA,,,,,,||01/06/2017|
DES,FCX,STK,SMART/ARCA,,,,,,||01/06/2017|
DES,FSLR,STK,SMART/ARCA,,,,,,||01/06/2017|
DES,NFLX,STK,SMART/ARCA,,,,,,||01/06/2017|
DES,NTAP,STK,SMART/ARCA,,,,,,||01/06/2017|
DES,QQQ,STK,SMART/ARCA,,,,,,||01/06/2017|
DES,AAPL,STK,SMART/ARCA,,,,,,||01/09/2017|
DES,AMZN,STK,SMART/ARCA,,,,,,||01/09/2017|
DES,CXO,STK,SMART/ARCA,,,,,,||01/09/2017|
DES,FCX,STK,SMART/ARCA,,,,,,||01/09/2017|
DES,FSLR,STK,SMART/ARCA,,,,,,||01/09/2017|
DES,NFLX,STK,SMART/ARCA,,,,,,||01/09/2017|
DES,NTAP,STK,SMART/ARCA,,,,,,||01/09/2017|
DES,QQQ,STK,SMART/ARCA,,,,,,||01/09/2017|
DES,AAPL,STK,SMART/ARCA,,,,,,||01/10/2017|
DES,AMZN,STK,SMART/ARCA,,,,,,||01/10/2017|
DES,CXO,STK,SMART/ARCA,,,,,,||01/10/2017|
DES,FCX,STK,SMART/ARCA,,,,,,||01/10/2017|
DES,FSLR,STK,SMART/ARCA,,,,,,||01/10/2017|
DES,NFLX,STK,SMART/ARCA,,,,,,||01/10/2017|
DES,NTAP,STK,SMART/ARCA,,,,,,||01/10/2017|
DES,QQQ,STK,SMART/ARCA,,,,,,||01/10/2017|
DES,AAPL,STK,SMART/ARCA,,,,,,||01/11/2017|
DES,AMZN,STK,SMART/ARCA,,,,,,||01/11/2017|
DES,CXO,STK,SMART/ARCA,,,,,,||01/11/2017|
DES,FCX,STK,SMART/ARCA,,,,,,||01/11/2017|
DES,FSLR,STK,SMART/ARCA,,,,,,||01/11/2017|
DES,NFLX,STK,SMART/ARCA,,,,,,||01/11/2017|
DES,NTAP,STK,SMART/ARCA,,,,,,||01/11/2017|
DES,QQQ,STK,SMART/ARCA,,,,,,||01/11/2017|
DES,AAPL,STK,SMART/ARCA,,,,,,||01/12/2017|
DES,AMZN,STK,SMART/ARCA,,,,,,||01/12/2017|
DES,CXO,STK,SMART/ARCA,,,,,,||01/12/2017|
DES,FCX,STK,SMART/ARCA,,,,,,||01/12/2017|
DES,FSLR,STK,SMART/ARCA,,,,,,||01/12/2017|
DES,NFLX,STK,SMART/ARCA,,,,,,||01/12/2017|
DES,NTAP,STK,SMART/ARCA,,,,,,||01/12/2017|
DES,QQQ,STK,SMART/ARCA,,,,,,||01/12/2017|
DES,AAPL,STK,SMART/ARCA,,,,,,||01/13/2017|
DES,AMZN,STK,SMART/ARCA,,,,,,||01/13/2017|
DES,CXO,STK,SMART/ARCA,,,,,,||01/13/2017|
DES,FCX,STK,SMART/ARCA,,,,,,||01/13/2017|
DES,FSLR,STK,SMART/ARCA,,,,,,||01/13/2017|
DES,NFLX,STK,SMART/ARCA,,,,,,||01/13/2017|
DES,NTAP,STK,SMART/ARCA,,,,,,||01/13/2017|
DES,QQQ,STK,SMART/ARCA,,,,,,||01/13/2017|
DES,AAPL,STK,SMART/ARCA,,,,,,||01/17/2017|
DES,AMZN,STK,SMART/ARCA,,,,,,||01/17/2017|
DES,CXO,STK,SMART/ARCA,,,,,,||01/17/2017|
DES,FCX,STK,SMART/ARCA,,,,,,||01/17/2017|
DES,FSLR,STK,SMART/ARCA,,,,,,||01/17/2017|
DES,NFLX,STK,SMART/ARCA,,,,,,||01/17/2017|
DES,NTAP,STK,SMART/ARCA,,,,,,||01/17/2017|
DES,QQQ,STK,SMART/ARCA,,,,,,||01/17/2017|
